street,winner,total_pot,is_button,bets,bets_amount,raises,raises_amount,calls,checks,"initial_stack,",id
Turn,GoranPoker,21.0,false,1,66.65,1,2.0,2,2,75.65,137280697110
River,GoranPoker,184.42,false,0,0,3,39.0,2,0,86.71,137280725495
Flop,orelifrach,54.0,false,1,52.05,2,6.0,3,2,69.05,137281034524
River,bübli,78.64,false,1,12.81,2,14.81,3,6,191.62,137281063857
Flop,neomorf,20.18,false,1,5.59,2,7.59,1,1,207.2,137281113102
Flop,SoNe1988,11.0,false,1,7.0,1,2.0,1,1,229.56,137281161137
PreFlop,neomorf,5.0,true,0,0,1,2.0,0,0,215.88,137281199698
PreFlop,orelifrach,2.0,false,0,0,0,0,0,0,103.62,137281223862
Flop,4getDa$,21.0,false,1,13.03,1,2.0,2,1,200.0,137281356858
Flop,4getDa$,21.0,false,1,13.04,1,2.0,2,1,211.06,137281393938
PreFlop,bübli,5.0,false,0,0,1,2.0,0,0,223.58,137281423775
PreFlop,neomorf,25.0,false,0,0,2,9.0,2,0,237.02,137281443646
PreFlop,orelifrach,21.0,false,0,0,2,8.0,2,0,92.38,137281489070
Flop,Monsthand,16.0,false,1,9.5,1,2.0,2,2,200.0,137281532808
River,bübli,83.0,false,1,22.0,2,8.0,2,5,223.58,137281573122
Flop,bübli,17.0,false,1,16.24,1,2.0,1,0,263.78,137281606163
River,GoranPoker,42.96,false,1,14.1,1,2.0,2,5,85.86,137281634131
Flop,4getDa$,21.0,false,1,13.04,1,2.0,2,1,219.12,137281684522
PreFlop,Nikoe0,18.64,false,0,0,2,7.88,1,0,200.0,137281722046
PreFlop,neomorf,5.0,false,0,0,1,2.0,0,0,233.42,137281899788
River,GoranPoker,111.0,false,1,18.14,3,66.14,2,4,90.03,137281923513
PreFlop,orelifrach,10.0,false,0,0,1,2.0,1,1,108.2,137281976693
River,orelifrach,132.0,false,3,58.0,1,2.0,5,3,116.2,137282006069
River,4getDa$,80.7,false,1,22.35,1,2.0,5,7,200.0,137282070217
Turn,Monsthand,69.0,true,2,70.0,2,6.0,2,2,204.28,137282119988
PreFlop,orelifrach,47.0,false,0,0,2,13.0,4,0,195.52,137282573158
River,GoranPoker,21.54,false,2,18.27,1,2.0,2,3,160.92,137282609090
River,Nikoe0,26.32,false,1,7.66,1,2.0,2,5,200.0,137282648308
PreFlop,FTPbannedMe,5.0,false,0,0,1,2.0,0,0,233.16,137282698573
PreFlop,orelifrach,5.0,true,0,0,1,2.0,0,0,217.86,137282732382
PreFlop,FTPbannedMe,28.0,false,0,0,2,13.0,2,0,234.16,137282752197
River,Monsthand,6.0,false,0,0,0,0,2,10,212.83,137282839284
PreFlop,hurtNCYDE,4.0,false,0,0,1,2.0,0,0,200.0,137282900413
Turn,orelifrach,44.3,false,2,34.35,1,2.0,3,1,218.86,137282796208
PreFlop,bübli,19.0,false,0,0,2,10.0,1,0,231.02,137282917070
River,GoranPoker,21.92,false,2,33.46,1,2.0,2,3,166.22,137282950875
PreFlop,FTPbannedMe,15.0,false,0,0,2,8.0,0,0,251.16,137282983372
PreFlop,SoNe1988,5.0,false,0,0,1,2.0,0,0,197.0,137282998995
River,orelifrach,43.0,true,2,38.0,1,2.0,3,4,234.52,137283015357
River,SoNe1988,18.0,false,1,15.0,1,2.0,3,4,200.0,137283041156
Flop,4getDa$,21.0,false,1,11.03,1,2.0,2,1,200.0,137283080307
River,4getDa$,65.52,false,2,64.8,1,2.0,4,4,211.06,137283103526
PreFlop,orelifrach,5.0,false,0,0,1,2.0,0,0,255.58,137283160836
Turn,hurtNCYDE,33.62,true,2,31.46,1,2.0,2,1,200.0,137283184794
Flop,Monsthand,11.8,false,1,7.43,1,2.0,1,1,213.56,137283232423
River,FTPbannedMe,135.0,false,1,19.36,3,27.36,2,4,229.4,137283269405
PreFlop,Monsthand,10.0,false,0,0,2,7.0,0,0,222.43,137283377719
PreFlop,Monsthand,5.0,false,0,0,1,2.0,0,0,219.43,137283348694
PreFlop,bübli,5.0,false,0,0,1,2.0,0,0,172.02,137283406950
Flop,hurtNCYDE,33.0,true,1,16.39,1,2.0,4,2,213.8,137283506912
River,SoNe1988,179.98,false,2,62.489999999999995,2,10.0,4,2,201.19,137283417144
PreFlop,orelifrach,2.0,false,0,0,0,0,0,0,245.58,137283556289
River,GoranPoker,8.0,false,0,0,1,2.0,1,6,113.29,137283528526
PreFlop,orelifrach,13.0,true,0,0,2,7.0,0,0,244.58,137283588914
Flop,neirfyS,4.0,false,1,2.86,0,0,1,2,200.0,137283562957
PreFlop,SoNe1988,4.0,false,0,0,1,2.0,0,0,287.88,137283614457
PreFlop,SoNe1988,5.0,false,0,0,1,2.0,0,0,289.88,137283702651
Turn,bübli,39.0,false,1,18.62,2,8.0,1,2,167.02,137283634577
River,GoranPoker,21.92,false,2,15.46,1,2.0,2,3,115.93,137283719782
Turn,orelifrach,18.0,false,1,8.0,1,2.0,2,4,252.58,137283750072
PreFlop,SoNe1988,5.0,false,0,0,1,2.0,0,0,299.34,137283824437
River,SoNe1988,12.0,false,0,0,1,2.0,1,6,292.88,137283792411
Flop,Monsthand,15.0,false,1,9.3,1,2.0,1,0,223.43,137283840463
River,GoranPoker,11.3,false,2,15.15,0,0,2,4,120.4,137283872059
Flop,orelifrach,33.0,false,1,18.0,1,2.0,4,2,252.77,137283922968
PreFlop,neirfyS,5.0,false,0,0,1,2.0,0,0,200.0,137283956268
River,GoranPoker,32.74,false,2,56.87,1,2.0,3,3,116.04,137283981401
River,neomorf,150.38,true,3,70.61,2,51.35,3,2,200.0,137284028679
Turn,orelifrach,74.0,false,2,58.65,2,12.65,3,2,274.29,137284108854
PreFlop,SoNe1988,5.0,false,0,0,1,2.0,0,0,299.34,137284150234
Turn,GoranPoker,18.0,false,1,46.75,1,2.0,2,4,51.75,137284162265
PreFlop,neirfyS,5.0,true,0,0,1,2.0,0,0,200.0,137284190914
Turn,FTPbannedMe,45.86,true,2,46.43,1,2.0,3,3,240.73,137284208287
PreFlop,neirfyS,5.0,false,0,0,1,2.0,0,0,200.0,137284254752
River,GoranPoker,156.88,false,2,23.0,2,18.0,8,2,63.94,137284285159
PreFlop,bübli,2.0,false,0,0,0,0,0,0,123.83,137284349522
PreFlop,FTPbannedMe,5.0,false,0,0,1,2.0,0,0,202.16,137284369813
River,orelifrach,4.0,false,1,2.0,0,0,1,5,305.49,137284422436
River,Monsthand,89.8,false,2,38.0,1,2.0,3,4,222.6,137284472785
Turn,FTPbannedMe,48.04,false,2,44.68,1,2.0,3,2,202.16,137284604738
PreFlop,CI58,5.0,false,0,0,1,2.0,0,0,200.0,137284692169
PreFlop,FTPbannedMe,4.0,false,0,0,1,2.0,0,0,227.02,137284680640
PreFlop,I_am_MrTiger,5.0,false,0,0,1,2.0,0,0,200.0,137284660859
River,bübli,9.8,false,0,0,1,2.0,1,6,120.83,137284708844
PreFlop,GoranPoker,8.0,false,0,0,1,2.0,3,0,77.76,137284760054
PreFlop,bübli,5.0,false,0,0,1,2.0,0,0,123.79,137284821455
Flop,FTPbannedMe,14.2,false,1,10.0,1,2.0,1,0,229.02,137284788365
PreFlop,GoranPoker,18.0,false,0,0,2,7.0,1,0,82.76,137284837940
PreFlop,hurtNCYDE,5.0,false,0,0,1,2.0,0,0,200.0,137284876486
PreFlop,rmanjkeee,17.0,false,0,0,2,7.0,1,0,129.2,137284892266
River,neomorf,5.0,false,0,0,0,0,1,7,284.42,137284950961
Turn,FTPbannedMe,164.16,false,2,85.33,3,30.0,3,2,233.98,137284985043
Flop,Ravnica11,13.2,false,1,8.0,1,2.0,2,2,69.6,137285068804
Flop,bübli,20.0,true,1,12.0,1,2.0,3,2,115.39,137285113896
Turn,rmanjkeee,28.4,false,2,25.7,1,2.0,2,1,141.2,137285144662
Flop,Ravnica11,156.62,true,1,4.0,5,69.6,2,1,74.81,137285189558
Turn,GoranPoker,7.0,false,1,14.0,0,0,2,5,83.36,137285249339
PreFlop,FTPbannedMe,5.0,true,0,0,1,2.0,0,0,226.75,137285278163
Flop,GoranPoker,39.0,false,1,10.0,2,12.0,2,1,88.04,137285297402
River,GoranPoker,5.0,false,0,0,0,0,1,7,107.28,137285330027
River,GoranPoker,56.0,false,1,22.0,1,2.0,2,4,105.82,137285387057
PreFlop,bübli,5.0,false,0,0,1,2.0,0,0,116.25,137285435513
PreFlop,FTPbannedMe,2.0,false,0,0,0,0,0,0,229.75,137285449420
PreFlop,bübli,5.0,false,0,0,1,2.0,0,0,119.25,137285462037
PreFlop,bübli,17.0,false,0,0,2,8.0,2,0,122.25,137285476127
PreFlop,neomorf,2.0,false,0,0,0,0,0,0,204.12,137285522988
Flop,GoranPoker,8.0,false,1,6.0,0,0,3,3,130.3,137285539565
Turn,neomorf,9.16,true,1,4.0,1,2.0,1,3,203.12,137285581687
River,_McLobster_,61.0,false,2,58.0,2,7.88,2,2,200.0,137285623453
PreFlop,bübli,5.0,false,0,0,1,2.0,0,0,130.25,137285701012
Flop,bübli,18.64,false,1,14.0,1,2.0,2,2,133.25,137285733731
PreFlop,FTPbannedMe,4.0,false,0,0,1,2.0,0,0,217.87,137285766748
PreFlop,_McLobster_,5.0,false,0,0,1,2.0,0,0,227.26,137285786521
PreFlop,Yaaaazz,19.64,false,0,0,2,7.88,1,0,200.0,137285812551
Flop,bübli,10.0,false,1,6.0,0,0,4,3,139.29,137285860152
PreFlop,Yaaaazz,19.0,false,0,0,2,9.0,1,0,213.76,137285905835
PreFlop,_McLobster_,5.0,false,0,0,1,2.0,0,0,230.26,137285955642
River,GoranPoker,4.0,false,0,0,0,0,1,7,124.86,137285986659
Flop,GoranPoker,16.44,true,1,16.0,1,2.0,2,2,126.68,137286042609
PreFlop,Yaaaazz,5.0,false,0,0,1,2.0,0,0,225.76,137286100431
PreFlop,Yaaaazz,11.8,false,0,0,2,6.9,0,0,200.0,137286200448
Flop,FTPbannedMe,71.0,true,1,31.51,3,21.4,1,1,216.87,137286120094
PreFlop,Yaaaazz,5.0,true,0,0,1,2.0,0,0,206.9,137286225217
PreFlop,Monsthand,53.0,false,0,0,3,35.0,2,0,253.2,137286242389
Flop,GoranPoker,25.18,false,1,6.21,2,8.21,1,1,135.9,137286297109
PreFlop,Monsthand,2.0,false,0,0,0,0,0,0,282.2,137286391946
PreFlop,CI58,5.0,true,0,0,1,2.0,0,0,200.0,137286407418
River,bübli,61.22,true,2,22.75,1,2.0,4,3,114.36,137286333144
PreFlop,neomorf,5.0,false,0,0,1,2.0,0,0,200.0,137286426232
River,GoranPoker,9.78,false,2,144.85999999999999,0,0,2,4,146.86,137286474476
River,bübli,75.84,false,2,32.84,1,2.0,3,4,141.45,137286509854
River,GoranPoker,23.72,false,3,36.86,0,0,4,3,149.81,137286560738
PreFlop,CI58,2.0,false,0,0,0,0,0,0,200.0,137286617622
PreFlop,_McLobster_,5.0,true,0,0,1,2.0,0,0,228.26,137286651276
PreFlop,FTPbannedMe,4.0,false,0,0,1,2.0,0,0,243.17,137286671817
PreFlop,Yaaaazz,13.0,false,0,0,2,8.0,0,0,206.9,137286690641
PreFlop,CI58,5.0,false,0,0,1,2.0,0,0,200.0,137286716705
Turn,butcheN18,18.68,false,2,17.06,1,2.0,2,0,215.0,137309377692
PreFlop,butcheN18,5.0,true,0,0,1,2.0,0,0,223.5,137309403707
PreFlop,YaDaDaMeeN21,5.0,true,0,0,1,2.0,0,0,237.2,137309625251
PreFlop,Icantoo61,5.0,false,0,0,1,2.0,0,0,116.56,137309633028
Flop,CI58,15.0,true,1,8.59,1,2.0,1,1,235.95,137309645178
River,RUS)Timur,109.56,false,2,39.37,2,9.370000000000001,4,3,200.0,137309662962
River,RUS)Timur,97.16,false,3,42.08,1,2.0,4,3,255.66,137309685452
PreFlop,EsKoTeiRo,5.0,false,0,0,1,2.0,0,0,200.0,137309721600
River,tarlardon1,37.84,false,2,50.21,2,8.21,2,2,89.82,137309729877
PreFlop,EsKoTeiRo,5.0,false,0,0,1,2.0,0,0,203.0,137309757437
PreFlop,EsKoTeiRo,2.0,false,0,0,0,0,0,0,206.0,137309773280
Turn,tarlardon1,41.06,false,2,29.630000000000003,1,2.0,2,1,194.68,137309828615
Flop,tarlardon1,11.72,false,1,5.59,1,2.0,1,1,248.22,137309856529
Flop,tarlardon1,15.0,false,1,7.16,1,2.0,1,0,255.05,137309869561
River,RUS)Timur,189.0,false,2,49.66,4,57.66,2,3,293.58,137309880804
Turn,EsKoTeiRo,37.3,false,2,20.3,1,4.3,5,3,200.0,137309913927
PreFlop,CI58,4.0,false,0,0,1,2.0,0,0,204.94,137309990809
River,EsKoTeiRo,39.0,true,1,24.0,2,7.0,1,5,424.78,137310197958
River,smlsalot,54.7,false,1,15.35,1,2.0,4,4,200.0,137310226503
PreFlop,EsKoTeiRo,5.0,false,0,0,1,2.0,0,0,444.02,137310250130
River,smlsalot,154.68,false,3,55.16,2,12.0,5,2,225.89,137310263709
Turn,YaDaDaMeeN21,48.0,false,2,46.0,1,2.0,4,0,216.47,137310302814
River,butcheN18,91.68,false,2,35.84,1,2.0,4,3,226.33,137310333964
Flop,smlsalot,9.0,true,1,4.0,1,2.0,1,1,293.93,137310361415
PreFlop,smlsalot,5.0,false,0,0,1,2.0,0,0,298.53,137310371962
PreFlop,butcheN18,5.0,true,0,0,1,2.0,0,0,270.37,137310388631
PreFlop,EsKoTeiRo,5.0,false,0,0,1,2.0,0,0,442.02,137310402832
Flop,John_les,13.0,false,1,8.0,1,2.0,1,1,200.0,137310415152
PreFlop,EsKoTeiRo,5.0,false,0,0,1,2.0,0,0,445.02,137310436533
PreFlop,CI58,2.0,false,0,0,0,0,0,0,203.0,137310431789
PreFlop,EsKoTeiRo,10.0,false,0,0,2,6.5,0,0,448.02,137310450485
PreFlop,jackmonoloye,5.0,true,0,0,1,2.0,0,0,197.0,137310468085
Turn,smlsalot,33.0,false,2,23.0,1,2.0,2,1,294.53,137310486291
PreFlop,RUS)Timur,2.0,false,0,0,0,0,0,0,346.91,137310509707
PreFlop,smlsalot,2.0,false,0,0,0,0,0,0,405.8,137310555639
River,smlsalot,192.1,false,3,111.28,3,38.28,4,1,311.05,137310521246
PreFlop,EsKoTeiRo,5.0,false,0,0,1,2.0,0,0,452.52,137310567485
Flop,smlsalot,13.0,true,1,8.0,1,2.0,1,1,405.8,137310580412
River,jackmonoloye,141.2,false,3,173.84,2,13.84,4,1,194.0,137310594094
PreFlop,jackmonoloye,5.0,true,0,0,1,2.0,0,0,265.8,137310617002
Flop,Jinn_Rooh,8.04,false,1,5.15,1,2.0,1,0,200.0,137310625034
Flop,IseeUcards,17.0,false,1,10.0,1,2.0,2,0,200.0,137310646347
PreFlop,EsKoTeiRo,5.0,false,0,0,1,2.0,0,0,452.52,137310657882
PreFlop,smlsalot,5.0,false,0,0,1,2.0,0,0,398.22,137310674344
Turn,RUS)Timur,29.32,true,2,24.52,1,2.0,2,1,343.91,137310685880
River,jackmonoloye,69.0,false,2,50.1,2,8.0,2,3,268.8,137310713172
PreFlop,IseeUcards,15.0,false,0,0,2,8.0,0,0,200.0,137310742525
River,IseeUcards,35.0,false,2,16.0,1,2.0,2,2,209.0,137310757270
PreFlop,EsKoTeiRo,12.8,false,0,0,2,7.4,0,0,453.52,137310782837
Flop,smlsalot,15.0,false,1,10.0,1,2.0,1,0,382.22,137310801813
PreFlop,RUS)Timur,2.0,false,0,0,0,0,0,0,358.75,137310810064
PreFlop,YaDaDaMeeN21,2.0,false,0,0,0,0,0,0,218.31,137310815254
River,jackmonoloye,81.14,false,3,70.24000000000001,1,2.0,4,1,287.6,137310825328
PreFlop,jackmonoloye,5.0,false,0,0,1,2.0,0,0,328.87,137310863126
River,smlsalot,67.0,true,2,60.4,2,8.0,2,4,383.54,137310871519
Flop,Jinn_Rooh,18.0,false,1,6.0,1,6.0,2,2,200.0,137310906977
River,Jinn_Rooh,57.86,false,1,14.13,2,6.5,2,5,209.19,137310919814
PreFlop,jackmonoloye,11.72,false,0,0,2,6.36,0,0,327.87,137310947085
Turn,CI58,122.0,false,2,76.0,3,22.36,3,1,200.0,137310963861
Turn,EsKoTeiRo,39.0,false,2,38.0,1,2.0,3,2,451.92,137310992488
PreFlop,Jinn_Rooh,15.0,false,0,0,2,8.0,0,0,235.02,137311011537
PreFlop,CI58,2.0,false,0,0,0,0,0,0,261.56,137311052810
Turn,jackmonoloye,8.0,false,1,3.82,0,0,3,8,335.23,137311020823
PreFlop,jackmonoloye,2.0,false,0,0,0,0,0,0,340.87,137311063370
PreFlop,EsKoTeiRo,4.0,false,0,0,1,2.0,0,0,466.16,137311088256
PreFlop,EsKoTeiRo,2.0,false,0,0,0,0,0,0,465.16,137311076469
River,YaDaDaMeeN21,177.0,false,3,82.0,1,2.0,4,1,214.31,137311095438
River,butcheN18,10.04,false,0,0,1,2.0,1,6,200.0,137311120806
PreFlop,IseeUcards,15.0,true,0,0,2,8.0,0,0,200.0,137311163549
Flop,CI58,24.38,false,1,4.0,2,12.69,2,2,261.56,137311138306
Turn,EsKoTeiRo,13.0,false,1,10.0,1,2.0,1,3,462.16,137311171621
PreFlop,jackmonoloye,5.0,false,0,0,1,2.0,0,0,253.87,137311185839
PreFlop,jackmonoloye,2.0,false,0,0,0,0,0,0,256.87,137311195469
River,jackmonoloye,116.0,false,2,48.0,1,2.0,4,4,257.87,137311205958
PreFlop,Jinn_Rooh,2.0,false,0,0,0,0,0,0,231.1,137311229840
PreFlop,IseeUcards,5.0,false,0,0,1,2.0,0,0,209.0,137311237500
PreFlop,Jinn_Rooh,5.0,true,0,0,1,2.0,0,0,231.1,137311248390
Flop,jackmonoloye,105.0,false,1,51.1,3,22.4,1,0,317.07,137311258450
Flop,smlsalot,15.0,false,1,8.0,1,2.0,1,0,329.38,137311286912
Flop,smlsalot,11.48,false,1,6.0,1,2.0,1,0,337.7,137311300354
Turn,EsKoTeiRo,15.0,false,1,8.0,1,2.0,1,2,465.58,137311313376
PreFlop,EsKoTeiRo,2.0,false,0,0,0,0,0,0,473.9,137311332038
PreFlop,butcheN18,5.0,false,0,0,1,2.0,0,0,200.0,137311338923
Flop,EsKoTeiRo,39.0,true,1,24.0,2,8.0,1,1,473.9,137311349950
Flop,EsKoTeiRo,11.72,false,1,8.0,1,2.0,1,1,493.14,137311367536
River,smlsalot,39.0,false,3,60.0,0,0,5,3,324.42,137311378444
PreFlop,butcheN18,5.0,false,0,0,1,2.0,0,0,200.0,137311411403
PreFlop,jackmonoloye,56.0,false,0,0,3,26.0,1,0,349.27,137311419788
PreFlop,EsKoTeiRo,2.0,false,0,0,0,0,0,0,481.97,137311452511
Flop,YaDaDaMeeN21,12.0,true,1,8.0,1,2.0,1,1,275.51,137311438182
PreFlop,IseeUcards,5.0,false,0,0,1,2.0,0,0,206.0,137311458825
River,smlsalot,131.0,false,2,150.0,3,26.0,2,3,338.66,137311466201
PreFlop,butcheN18,5.0,true,0,0,1,2.0,0,0,200.0,137311493985
PreFlop,JulyShort,5.0,false,0,0,1,2.0,0,0,77.0,137311485831
PreFlop,IseeUcards,15.0,false,0,0,2,8.0,0,0,206.0,137311512483
Turn,butcheN18,43.68,false,2,37.84,1,2.0,3,1,203.0,137311521226
PreFlop,EsKoTeiRo,4.0,false,0,0,1,2.0,0,0,412.97,137311556715
PreFlop,EsKoTeiRo,2.0,false,0,0,0,0,0,0,411.97,137311543942
PreFlop,butcheN18,2.0,false,0,0,0,0,0,0,226.87,137311563527
PreFlop,butcheN18,12.0,false,0,0,2,7.0,0,0,227.87,137311569763
PreFlop,smlsalot,5.0,false,0,0,1,2.0,0,0,394.86,137311577712
River,IseeUcards,32.0,true,1,9.0,2,6.0,1,5,200.0,137311589483
PreFlop,butcheN18,5.0,false,0,0,1,2.0,0,0,234.87,137311612497
PreFlop,smlsalot,14.0,false,0,0,2,8.0,0,0,395.86,137311620327
River,JulyShort,162.0,false,0,0,3,72.0,2,0,75.0,137311627993
PreFlop,jackmonoloye,10.72,false,0,0,2,6.36,0,0,312.27,137311640969
Flop,jackmonoloye,39.48,true,1,18.85,2,7.08,1,1,318.63,137311648719
Flop,jackmonoloye,20.0,false,1,9.55,1,2.0,4,4,332.09,137311690950
PreFlop,IseeUcards,5.0,true,0,0,1,2.0,0,0,252.96,137311707241
PreFlop,EsKoTeiRo,5.0,false,0,0,1,2.0,0,0,399.97,137311715044
PreFlop,IseeUcards,5.0,false,0,0,1,2.0,0,0,255.96,137311725476
River,zylin888,57.0,false,2,51.0,2,7.0,2,2,197.0,137311733444
PreFlop,JulyShort,5.0,true,0,0,1,2.0,0,0,133.96,137311750812
Flop,butcheN18,27.36,false,1,6.68,2,8.68,1,1,223.87,137311760939
PreFlop,butcheN18,5.0,true,0,0,1,2.0,0,0,237.32,137311774608
Turn,JulyShort,23.16,false,2,19.93,1,2.0,2,1,136.96,137311800572
PreFlop,jackmonoloye,5.0,false,0,0,1,2.0,0,0,337.93,137311783187
River,IseeUcards,20.0,false,1,12.0,1,2.0,2,8,255.96,137311814213
PreFlop,smlsalot,5.0,false,0,0,1,2.0,0,0,352.78,137311847985
Flop,IseeUcards,13.0,false,1,8.0,1,2.0,1,1,269.06,137311836850
PreFlop,jackmonoloye,5.0,true,0,0,1,2.0,0,0,333.93,137311855158
River,butcheN18,231.77,false,3,102.59,1,2.0,6,5,232.32,137311866279
Turn,smlsalot,31.0,false,2,22.0,1,2.0,3,0,355.78,137311900628
PreFlop,smlsalot,5.0,false,0,0,1,2.0,0,0,223.38,137311985830
PreFlop,Rojocapo1987,2.0,false,0,0,0,0,0,0,200.0,137311981081
PreFlop,Rojocapo1987,42.0,true,0,0,3,28.0,0,0,200.0,137311994111
Flop,JulyShort,21.32,false,1,14.0,1,2.0,3,1,128.0,137312007288
PreFlop,staskmp,2.0,false,0,0,0,0,0,0,200.0,137312033439
River,EsKoTeiRo,61.0,false,3,88.0,1,2.0,3,3,229.12,137312041315
PreFlop,butcheN18,5.0,false,0,0,1,2.0,0,0,282.26,137312072382
Flop,JulyShort,13.0,false,1,7.82,1,2.0,1,0,143.28,137312063614
PreFlop,Rojocapo1987,2.0,false,0,0,0,0,0,0,216.92,137312083729
PreFlop,EsKoTeiRo,5.0,false,0,0,1,2.0,0,0,254.38,137312117436
PreFlop,butcheN18,5.0,true,0,0,1,2.0,0,0,282.26,137312131337
River,staskmp,137.5,false,2,20.28,2,15.91,3,4,200.0,137312138804
River,smlsalot,94.36,false,2,18.0,2,14.0,3,0,46.68,137312168394
Turn,butcheN18,22.0,false,1,13.02,1,2.0,2,5,217.01,137312178222
PreFlop,javitor91,8.0,false,0,0,1,2.0,0,0,200.0,137312220262
PreFlop,javitor91,12.0,false,0,0,2,8.0,0,0,206.0,137312230112
Flop,butcheN18,13.0,false,1,7.7,1,2.0,1,1,231.02,137312249922
PreFlop,butcheN18,5.0,false,0,0,1,2.0,0,0,228.02,137312244146
Flop,jackmonoloye,43.0,false,1,12.0,2,14.0,2,1,572.88,137312261298
PreFlop,smlsalot,15.0,true,0,0,2,8.0,0,0,83.56,137312274766
River,jackmonoloye,193.12,false,0,0,4,56.0,1,0,591.94,137312285755
PreFlop,butcheN18,12.0,false,0,0,2,8.0,0,0,237.44,137312295836
PreFlop,jackmonoloye,5.0,false,0,0,1,2.0,0,0,588.54,137312325885
PreFlop,IseeUcards,30.0,false,0,0,2,8.0,3,0,219.89,137312311502
Flop,smlsalot,25.0,false,1,24.0,2,7.0,1,0,95.16,137312331872
Turn,staskmp,13.0,false,1,8.19,1,2.0,1,2,247.45,137312355243
Turn,SexyAngeline,25.48,false,2,24.020000000000003,1,2.0,2,0,77.0,137312344551
PreFlop,zylin888,5.0,false,0,0,1,2.0,0,0,216.44,137312397941
River,javitor91,28.9,false,0,0,2,8.0,1,0,200.0,137312385818
River,staskmp,9.0,false,0,0,1,2.0,1,6,257.87,137312404978
Turn,staskmp,34.5,false,2,32.75,1,2.0,3,0,262.47,137312416471
Turn,IseeUcards,43.0,false,2,37.0,1,2.0,3,1,236.89,137312426410
PreFlop,butcheN18,2.0,false,0,0,0,0,0,0,237.44,137312441898
PreFlop,zylin888,2.0,false,0,0,0,0,0,0,214.44,137312437622
River,1975piskov,122.32,false,2,47.66,1,2.0,4,4,80.0,137312455689
River,staskmp,11.3,false,2,11.15,0,0,2,3,262.67,137312477282
Turn,IseeUcards,23.0,false,2,18.0,1,2.0,2,2,256.95,137312487369
PreFlop,staskmp,5.0,true,0,0,1,2.0,0,0,267.31,137312501834
PreFlop,SexyAngeline,14.0,false,0,0,2,8.0,0,0,102.97,137312507096
Turn,SexyAngeline,87.98,true,2,92.97,2,8.0,3,2,110.97,137312523524
PreFlop,javitor91,5.0,false,0,0,1,2.0,0,0,208.65,137312542259
Flop,jackmonoloye,15.0,false,1,7.16,1,2.0,1,1,573.54,137312550036
PreFlop,SexyAngeline,322.32,false,0,0,4,80.0,2,0,156.66,137312576870
River,1975piskov,151.2,false,2,45.1,3,26.0,7,7,81.22,137312596589
River,jackmonoloye,330.52,false,2,503.76,2,6.44,4,3,513.76,137312618976
River,1975piskov,37.08,false,2,28.24,1,2.0,3,3,151.52,137312632105
River,zylin888,37.0,false,2,25.0,1,2.0,2,3,212.76,137312645154
PreFlop,jackmonoloye,5.0,true,0,0,1,2.0,0,0,678.72,137312675956
PreFlop,zylin888,13.0,false,0,0,2,8.0,0,0,231.1,137312665944
PreFlop,SexyAngeline,5.0,false,0,0,1,2.0,0,0,60.46,137312683666
Turn,javitor91,57.0,false,1,27.22,2,8.0,2,2,208.65,137312689147
River,1975piskov,39.0,false,2,22.0,1,2.0,4,4,219.59,137312730572
Turn,SexyAngeline,14.32,false,1,6.84,1,2.0,2,4,63.46,137312752285
River,zylin888,208.0,false,3,97.0,1,2.0,4,3,235.1,137312766639
PreFlop,1975piskov,5.0,true,0,0,1,2.0,0,0,134.39,137312789799
River,IseeUcards,91.2,false,2,36.1,1,2.0,4,3,200.0,137312796279
PreFlop,zylin888,5.0,true,0,0,1,2.0,0,0,334.3,137312815044
PreFlop,IseeUcards,2.0,false,0,0,0,0,0,0,246.3,137312824938
River,SexyAngeline,142.4,false,1,32.55,3,40.55,2,0,69.7,137312835356
River,IseeUcards,74.92,true,3,98.21000000000001,1,2.0,4,2,246.3,137312849980
PreFlop,butcheN18,15.0,false,0,0,2,8.0,0,0,226.44,137312871394
Flop,IseeUcards,21.0,false,1,12.0,1,2.0,3,3,283.71,137312887619
River,HerrJanks,42.0,false,2,16.5,1,2.0,3,3,200.0,137312903639
Flop,1975piskov,15.0,false,1,7.16,1,2.0,1,1,35.69,137312916388
Turn,HerrJanks,9.0,true,1,5.73,1,2.0,1,3,218.61,137312935574
River,SexyAngeline,13.32,false,0,0,1,2.0,2,9,136.6,137312948880
River,cdndough$boy,49.42,false,3,43.31,1,2.0,3,2,160.0,137312965247
River,cdndough$boy,30.58,false,2,11.29,1,2.0,3,3,182.49,137312978773
River,cdndough$boy,19.54,true,2,6.77,0,0,4,6,196.4,137312993627
Turn,IseeUcards,14.56,false,2,18.78,0,0,2,1,287.33,137313026287
Turn,javitor91,40.52,false,2,31.73,2,7.73,2,1,200.0,137313042031
River,IseeUcards,28.0,true,1,8.0,1,2.0,3,7,293.45,137313062715
River,HerrJanks,27.34,false,1,8.67,1,2.0,2,0,200.45,137313082294
PreFlop,IseeUcards,5.0,false,0,0,1,2.0,0,0,308.19,137313096548
River,jackmonoloye,129.32,true,3,57.16,1,2.0,4,3,673.76,137313103498
PreFlop,jackmonoloye,5.0,false,0,0,1,2.0,0,0,737.12,137313131042
Turn,IseeUcards,32.0,false,2,22.0,2,4.0,3,1,248.03,137313118983
Flop,SexyAngeline,10.88,false,1,7.16,1,2.0,1,1,137.44,137313166594
River,HerrJanks,234.4,false,3,109.94999999999999,1,2.0,5,3,212.39,137313138084
Flop,javitor91,19.0,false,1,12.0,1,2.0,2,1,206.94,137313174489
Flop,SexyAngeline,24.2,false,1,11.55,2,6.0,1,0,141.39,137313189134
PreFlop,cdndough$boy,5.0,false,0,0,1,2.0,0,0,151.3,137313202247
River,cdndough$boy,176.0,false,2,69.2,2,4.0,7,1,154.3,137313211285
Flop,jackmonoloye,13.0,false,1,8.0,1,2.0,1,1,737.12,137313236558
PreFlop,IseeUcards,2.0,false,0,0,0,0,0,0,257.09,137313229642
River,q3storm,9.0,false,1,2.0,0,0,2,6,77.0,137313245996
River,HerrJanks,65.96,false,2,26.98,1,2.0,3,2,326.54,137313257640
PreFlop,CATHEB,2.0,false,0,0,0,0,0,0,200.0,137313312598
PreFlop,CATHEB,20.0,false,0,0,2,8.0,1,0,201.0,137313319437
River,HerrJanks,27.26,false,1,7.63,1,2.0,2,4,357.5,137313331450
PreFlop,cdndough$boy,5.0,true,0,0,1,2.0,0,0,419.24,137313347215
PreFlop,cdndough$boy,5.0,false,0,0,1,2.0,0,0,425.02,137313368163
PreFlop,IseeUcards,11.0,false,0,0,2,7.0,0,0,200.0,137313394643
Turn,CATHEB,29.54,false,1,8.27,2,10.27,2,4,202.87,137313405278
River,IseeUcards,89.66,true,3,38.83,1,2.0,5,1,205.0,137313438291
PreFlop,IseeUcards,5.0,false,0,0,1,2.0,0,0,249.03,137313467344
Turn,IseeUcards,26.0,false,2,24.0,1,2.0,2,2,252.03,137313471318
Turn,CATHEB,60.0,false,2,59.97,1,2.0,4,2,214.81,137313488093
PreFlop,zylin888,9.88,false,0,0,2,6.44,0,0,304.3,137313503072
Flop,IseeUcards,15.0,false,1,9.31,1,2.0,1,0,259.36,137313514080
PreFlop,SexyAngeline,5.0,false,0,0,1,2.0,0,0,135.24,137313525325
River,HerrJanks,124.84,true,3,56.480000000000004,1,2.0,4,0,354.85,137313537836
PreFlop,q3storm,5.0,false,0,0,1,2.0,0,0,40.27,137313557301
River,AndreyS997,49.7,false,3,65.81,1,2.0,3,3,90.0,137313563634
PreFlop,YaDaDaMeeN21,5.0,false,0,0,1,2.0,0,0,261.97,137313605423
PreFlop,q3storm,15.0,true,0,0,2,8.0,0,0,79.0,137313612231
PreFlop,YaDaDaMeeN21,4.0,false,0,0,1,2.0,0,0,262.97,137313620068
Flop,SexyAngeline,15.0,false,1,7.16,1,2.0,1,1,97.49,137313640719
Turn,HerrJanks,18.0,true,1,8.59,2,6.0,1,3,412.97,137313652638
PreFlop,HerrJanks,11.88,false,0,0,2,6.44,0,0,422.16,137313705163
River,IseeUcards,27.36,false,1,6.68,1,2.0,2,5,256.68,137313684975
River,HerrJanks,56.0,false,1,7.63,2,9.629999999999999,2,4,429.6,137313713470
River,CATHEB,100.21,false,2,27.07,1,2.0,6,7,220.97,137313737526
PreFlop,YaDaDaMeeN21,4.0,false,0,0,1,2.0,0,0,234.9,137313771264
River,CATHEB,255.0,false,3,245.31,3,24.0,3,0,285.31,137313779111
Turn,CATHEB,98.42,false,2,38.21,2,27.21,4,3,411.51,137313828366
PreFlop,q3storm,2.0,false,0,0,0,0,0,0,80.0,137313866825
River,Avtovo,50.8,false,0,0,2,7.0,2,6,200.0,137313873275
PreFlop,YaDaDaMeeN21,2.0,false,0,0,0,0,0,0,216.52,137313890543
PreFlop,YaDaDaMeeN21,10.68,false,0,0,2,6.34,0,0,217.52,137313894490
Turn,YaDaDaMeeN21,11.0,true,1,8.0,1,2.0,1,3,223.86,137313910924
Flop,CATHEB,15.0,false,1,8.0,1,2.0,1,0,455.92,137313928851
Turn,IseeUcards,36.36,false,2,34.18,1,2.0,3,2,241.64,137313947466
PreFlop,cdndough$boy,2.0,false,0,0,0,0,0,0,267.93,137313976395
PreFlop,YaDaDaMeeN21,5.0,false,0,0,1,2.0,0,0,229.36,137313982015
Flop,q3storm,10.0,false,1,7.0,1,2.0,1,0,78.0,137313987705
River,cdndough$boy,17.0,false,0,0,1,2.0,2,6,228.36,137314022627
PreFlop,AndreyS997,11.0,false,0,0,2,7.0,0,0,84.43,137314034837
PreFlop,AndreyS997,5.0,true,0,0,1,2.0,0,0,89.43,137314056246
River,CATHEB,24.0,false,2,24.19,1,2.0,2,3,462.24,137314063004
River,AndreyS997,81.32,false,2,34.16,1,2.0,4,3,92.43,137314081527
Flop,YaDaDaMeeN21,13.0,false,1,10.0,1,2.0,1,0,224.36,137314111772
River,Avtovo,38.2,false,2,14.1,1,2.0,3,4,212.77,137314125742
River,cdndough$boy,113.0,false,2,29.0,2,22.0,3,2,234.6,137314151292
Flop,cdndough$boy,68.0,false,1,32.6,2,8.0,2,1,283.8,137314202844
River,CATHEB,27.0,false,0,0,1,2.0,3,12,465.16,137314171616
River,HerrJanks,55.0,false,3,130.0,2,6.0,3,2,400.4,137314237496
PreFlop,CATHEB,5.0,true,0,0,1,2.0,0,0,479.36,137314296934
Flop,IseeUcards,23.46,true,1,5.73,2,7.73,2,1,200.0,137314267634
PreFlop,HerrJanks,5.0,false,0,0,1,2.0,0,0,426.92,137314305524
River,YaDaDaMeeN21,446.56,false,1,4.3,4,102.89999999999999,2,1,222.78,137314311246
PreFlop,YaDaDaMeeN21,4.0,false,0,0,1,2.0,0,0,443.76,137314335172
River,HerrJanks,74.52,false,2,23.63,2,9.629999999999999,3,3,429.92,137314350493
Flop,AndreyS997,13.0,false,1,12.0,1,2.0,2,0,200.0,137314383554
PreFlop,YaDaDaMeeN21,5.0,false,0,0,1,2.0,0,0,445.76,137314398210
River,cdndough$boy,68.78,false,2,25.39,1,2.0,4,4,200.0,137314408446
River,CATHEB,28.0,false,2,22.0,1,2.0,2,3,480.36,137314434894
PreFlop,CATHEB,5.0,true,0,0,1,2.0,0,0,494.1,137314453440
River,Avtovo,86.0,false,1,25.0,2,7.0,2,5,201.91,137314459399
PreFlop,CATHEB,5.0,false,0,0,1,2.0,0,0,455.1,137314483604
Turn,YaDaDaMeeN21,59.88,true,2,54.62,1,2.0,5,3,445.76,137314490414
River,HerrJanks,141.48,false,0,0,3,31.0,2,0,461.38,137314509866
PreFlop,IseeUcards,2.0,false,0,0,0,0,0,0,200.0,137314527837
Flop,HerrJanks,10.0,false,1,6.36,1,2.0,1,1,532.32,137314532949
River,IseeUcards,26.0,true,2,15.0,1,2.0,3,5,200.0,137314542531
River,rmanjkeee,69.74,false,2,28.12,1,2.0,4,5,80.0,137314570766
Flop,Avtovo,10.0,false,1,5.73,1,2.0,1,1,224.15,137314603938
Flop,rmanjkeee,9.0,true,1,6.0,1,2.0,1,1,109.32,137314619957
PreFlop,Monsthand,5.0,true,0,0,1,2.0,0,0,200.0,137314661194
PreFlop,rmanjkeee,5.0,false,0,0,1,2.0,0,0,113.92,137314653289
PreFlop,cdndough$boy,5.0,false,0,0,1,2.0,0,0,198.13,137314637699
PreFlop,YaDaDaMeeN21,35.0,false,0,0,3,23.0,0,0,478.99,137314672743
Flop,YaDaDaMeeN21,11.0,false,1,8.0,1,2.0,1,1,497.99,137314691771
PreFlop,Monsthand,5.0,false,0,0,1,2.0,0,0,200.0,137314720232
PreFlop,AndreyS997,5.0,false,0,0,1,2.0,0,0,199.42,137314705928
PreFlop,YaDaDaMeeN21,4.0,false,0,0,1,2.0,0,0,501.49,137314731988
Flop,Avtovo,15.0,false,1,8.59,1,2.0,1,1,226.7,137314741353
Turn,AndreyS997,41.06,false,2,29.630000000000003,2,6.0,2,0,202.42,137314758990
River,AndreyS997,163.2,false,2,34.16,3,31.25,3,4,221.6,137314783926
Turn,AndreyS997,87.98,true,2,64.08,2,10.0,4,3,301.4,137314818723
PreFlop,Avtovo,5.0,false,0,0,1,2.0,0,0,235.02,137314853260
River,sylvian31,366.94,true,3,195.66,1,2.0,6,5,200.0,137314862732
River,Monsthand,168.0,false,3,76.5,1,2.0,4,0,200.0,137314906330
PreFlop,HerrJanks,2.0,false,0,0,0,0,0,0,418.65,137314956973
Turn,IseeUcards,41.0,false,2,36.0,1,2.0,3,1,201.93,137314937869
PreFlop,cdndough$boy,49.0,false,0,0,3,24.0,1,0,128.3,137314964951
PreFlop,IseeUcards,2.0,false,0,0,0,0,0,0,224.09,137314986370
River,AndreyS997,14.0,true,1,22.0,1,2.0,1,5,334.09,137314999975
River,sylvian31,322.6,false,1,34.84,5,130.52,2,0,383.01,137315020249
PreFlop,EsKoTeiRo,5.0,false,0,0,1,2.0,0,0,204.03,137315218855
River,AndreyS997,101.62,false,2,44.81,1,2.0,3,2,364.98,137315183105
Flop,cee23,10.0,false,1,5.73,1,2.0,1,0,200.0,137315231823
River,Monsthand,407.0,false,1,19.5,3,27.5,2,1,202.0,137315246524
PreFlop,cee23,41.0,false,0,0,3,27.0,0,0,204.55,137315267951
PreFlop,AndreyS997,5.0,false,0,0,1,2.0,0,0,412.99,137315287515
River,Monsthand,48.34,true,3,44.67,1,2.0,3,3,401.2,137315320140
PreFlop,Monsthand,5.0,false,0,0,1,2.0,0,0,423.69,137315368059
Turn,AndreyS997,40.74,true,2,52.279999999999994,1,2.0,2,2,400.99,137315347135
Turn,cee23,25.74,true,2,24.87,1,2.0,3,3,222.55,137315375237
PreFlop,Monsthand,5.0,false,0,0,1,2.0,0,0,426.69,137315407468
Flop,cee23,14.0,false,1,8.02,1,2.0,1,1,236.26,137315424841
PreFlop,EsKoTeiRo,5.0,true,0,0,1,2.0,0,0,200.0,137315447172
River,EsKoTeiRo,247.0,false,3,116.0,1,2.0,4,2,203.0,137315528089
PreFlop,Monsthand,5.0,false,0,0,1,2.0,0,0,372.69,137315569009
PreFlop,cee23,2.0,false,0,0,0,0,0,0,243.63,137315557849
Flop,EsKoTeiRo,20.0,false,1,14.0,1,2.0,2,1,325.2,137315580498
River,Armacharmani,25.0,false,1,7.0,1,2.0,2,5,69.85,137315635738
River,Armacharmani,26.0,false,2,22.0,1,2.0,2,3,70.79,137315688318
Turn,Armacharmani,29.8,true,2,20.0,1,2.0,2,1,68.17,137315778864
PreFlop,HerrJanks,5.0,false,0,0,1,2.0,0,0,389.65,137315803738
PreFlop,VinQbator,5.0,false,0,0,1,2.0,0,0,200.0,137315845138
Turn,EsKoTeiRo,13.0,false,1,10.0,1,2.0,1,3,332.3,137315880880
River,EsKoTeiRo,22.0,false,1,4.0,1,2.0,2,5,338.72,137315902954
PreFlop,Monsthand,5.0,false,0,0,1,2.0,0,0,350.29,137315928569
PreFlop,Monsthand,2.0,false,0,0,0,0,0,0,353.29,137315985891
River,Monsthand,21.0,true,0,0,2,6.0,1,6,353.29,137316015623
River,AndreyS997,496.78,false,3,180.39,3,34.0,6,2,401.53,137316046870
PreFlop,Monsthand,5.0,false,0,0,1,2.0,0,0,349.35,137316110639
PreFlop,YaDaDaMeeN21,5.0,true,0,0,1,2.0,0,0,444.0,137316190703
PreFlop,cee23,5.0,true,0,0,1,2.0,0,0,207.63,137316172087
PreFlop,Monsthand,15.0,true,0,0,2,8.0,0,0,349.35,137316220876
River,Optimist1945,29.9,false,2,29.45,1,2.0,2,3,200.0,137316252050
PreFlop,AndreyS997,5.0,true,0,0,1,2.0,0,0,652.12,137316283431
Flop,Optimist1945,11.0,true,1,8.0,1,2.0,1,1,213.1,137316300211
PreFlop,EsKoTeiRo,10.0,false,0,0,2,7.0,0,0,605.16,137316369621
PreFlop,EsKoTeiRo,4.0,false,0,0,1,2.0,0,0,610.16,137316385165
PreFlop,cee23,5.0,false,0,0,1,2.0,0,0,200.0,137316425938
Flop,YaDaDaMeeN21,11.0,false,1,6.0,1,2.0,1,1,441.0,137316438475
PreFlop,cee23,4.0,false,0,0,1,2.0,0,0,200.0,137316458299
River,Monsthand,43.0,false,2,41.0,1,2.0,2,3,355.35,137316480367
PreFlop,EsKoTeiRo,5.0,true,0,0,1,2.0,0,0,593.16,137316510439
PreFlop,EsKoTeiRo,5.0,false,0,0,1,2.0,0,0,596.16,137316557375
PreFlop,EsKoTeiRo,5.0,false,0,0,1,2.0,0,0,599.16,137316568609
PreFlop,sylvian31,5.0,true,0,0,1,2.0,0,0,544.51,137316587314
PreFlop,EsKoTeiRo,2.0,false,0,0,0,0,0,0,596.16,137316623950
River,kvkpro,36.8,true,2,27.97,1,2.0,3,4,73.0,137316634507
PreFlop,cee23,5.0,false,0,0,1,2.0,0,0,200.0,137316676693
PreFlop,Monsthand,15.0,true,0,0,2,8.0,0,0,368.41,137316696956
Flop,kvkpro,33.0,false,1,9.0,2,11.0,2,1,67.74,137316770949
Flop,cee23,15.0,false,1,8.59,1,2.0,1,1,200.0,137316847120
PreFlop,PeterHummel,5.0,false,0,0,1,2.0,0,0,177.0,137316867481
PreFlop,EsKoTeiRo,12.0,false,0,0,2,7.0,0,0,588.16,137316885762
Turn,AndreyS997,12.0,false,1,6.0,1,2.0,2,4,641.12,137316948346
River,Monsthand,77.6,false,2,31.3,1,2.0,3,3,370.41,137316986412
PreFlop,cee23,15.0,true,0,0,2,8.0,0,0,200.0,137317098392
Turn,PeterHummel,35.0,true,2,30.0,1,2.0,2,1,177.0,137317119192
River,PeterHummel,85.0,false,2,35.0,1,2.0,3,4,178.67,137317165034
River,Monsthand,371.0,true,2,142.0,3,23.0,3,2,404.91,137317217195
PreFlop,PeterHummel,2.0,false,0,0,0,0,0,0,219.87,137317291339
PreFlop,Monsthand,15.0,false,0,0,2,8.0,0,0,632.79,137317421577
PreFlop,PeterHummel,2.0,false,0,0,0,0,0,0,219.87,137317457077
PreFlop,PeterHummel,5.0,true,0,0,1,2.0,0,0,219.87,137317489543
PreFlop,aseban11,5.0,false,0,0,1,2.0,0,0,200.0,137317521483
Flop,EsKoTeiRo,42.0,false,1,24.0,2,8.0,1,0,485.4,137317500052
Turn,EsKoTeiRo,33.6,false,2,33.3,1,2.0,2,1,505.51,137317540849
PreFlop,ersevi6,2.0,false,0,0,0,0,0,0,80.0,137317597482
River,PeterHummel,77.0,false,2,32.0,1,2.0,3,3,202.87,137317614130
PreFlop,ersevi6,5.0,true,0,0,1,2.0,0,0,80.0,137317643225
PreFlop,ersevi6,15.0,false,0,0,2,8.0,0,0,83.0,137317665083
PreFlop,aseban11,5.0,false,0,0,1,2.0,0,0,200.0,137317706358
PreFlop,PeterHummel,5.0,false,0,0,1,2.0,0,0,238.07,137317691459
PreFlop,Monsthand,7.0,false,0,0,1,2.0,1,0,635.79,137317783407
PreFlop,aseban11,7.0,true,0,0,1,2.0,1,0,200.0,137317815880
Flop,Monsthand,39.0,false,1,20.0,2,8.0,1,1,640.79,137317836750
River,PeterHummel,29.4,true,2,24.2,1,2.0,2,3,220.07,137317892378
River,PeterHummel,273.0,false,2,116.0,3,98.0,2,2,234.95,137317931355
PreFlop,EsKoTeiRo,4.0,false,0,0,1,2.0,0,0,327.3,137317961748
River,harryjoker,125.0,true,2,21.16,2,16.0,3,2,61.0,137318065522
PreFlop,Yaaaazz,5.0,false,0,0,1,2.0,0,0,200.0,137318163450
Turn,NunoStaMaria,8.0,false,1,3.05,1,2.0,1,2,158.0,137318187036
River,NunoStaMaria,35.88,true,2,13.44,2,12.0,2,3,161.64,137318208639
Flop,NunoStaMaria,9.0,false,1,3.44,1,2.0,1,1,178.47,137318244283
PreFlop,NunoStaMaria,5.0,false,0,0,1,2.0,0,0,183.07,137318303081
PreFlop,ersevi6,38.0,false,0,0,3,25.0,0,0,127.55,137318273486
River,EsKoTeiRo,63.0,true,1,12.0,2,6.0,2,5,331.3,137318317904
Flop,SHIBIAO,48.2,true,1,8.0,3,28.6,1,1,114.15,137318346642
Flop,EsKoTeiRo,55.0,false,1,24.0,2,7.0,2,2,361.5,137318372964
River,NunoStaMaria,30.1,false,2,11.05,1,2.0,3,3,115.47,137318393660
Turn,EsKoTeiRo,31.0,false,2,30.0,1,2.0,2,0,396.02,137318427001
Turn,PeterHummel,70.56,false,2,23.28,2,17.28,4,1,345.71,137318459592
PreFlop,1337Gambl0r,5.0,true,0,0,1,2.0,0,0,200.0,137318555436
PreFlop,EsKoTeiRo,23.0,false,0,0,2,9.0,2,0,405.62,137318522857
Turn,IseeUcards,6.0,false,1,5.73,0,0,2,5,200.0,137318585360
River,NunoStaMaria,49.7,false,2,18.35,1,2.0,3,2,75.89,137318622831
PreFlop,ersevi6,2.0,false,0,0,0,0,0,0,100.5,137318652270
River,PeterHummel,24.44,false,1,6.72,1,2.0,2,5,380.19,137318670521
PreFlop,PeterHummel,13.0,false,0,0,2,7.0,0,0,390.81,137318762780
PreFlop,NunoStaMaria,5.0,false,0,0,1,2.0,0,0,68.27,137318781623
PreFlop,1337Gambl0r,5.0,false,0,0,1,2.0,0,0,200.0,137318793207
River,NunoStaMaria,149.54,false,0,0,3,26.0,1,0,71.27,137318826546
PreFlop,1337Gambl0r,15.0,false,0,0,2,8.0,0,0,200.0,137318844236
Turn,NunoStaMaria,15.0,true,1,5.72,1,2.0,1,3,145.74,137318865141
Flop,ersevi6,11.0,true,1,7.03,1,2.0,1,1,117.5,137318888207
Turn,IseeUcards,27.0,false,2,24.0,1,2.0,2,2,200.0,137318932198
PreFlop,JennyDoom,5.0,true,0,0,1,2.0,0,0,80.0,137318990711
River,IseeUcards,144.0,false,3,195.78,2,6.0,3,0,210.78,137319008228
Turn,ersevi6,9.0,false,1,6.0,1,2.0,1,2,123.0,137319070445
PreFlop,JennyDoom,5.0,false,0,0,1,2.0,0,0,83.0,137319141224
River,NunoStaMaria,68.44,true,2,23.22,1,2.0,4,5,151.06,137319101308
Flop,PeterHummel,49.0,true,1,26.0,2,7.0,2,1,364.59,137319157891
PreFlop,JennyDoom,2.0,false,0,0,0,0,0,0,86.0,137319193901
PreFlop,ersevi6,5.0,false,0,0,1,2.0,0,0,121.6,137319179434
PreFlop,EsKoTeiRo,13.0,false,0,0,2,7.0,0,0,290.35,137319249275
PreFlop,EsKoTeiRo,15.0,false,0,0,2,8.0,0,0,298.35,137319270166
PreFlop,NunoStaMaria,10.0,false,0,0,2,6.0,0,0,168.66,137319286394
PreFlop,1337Gambl0r,2.0,false,0,0,0,0,0,0,200.0,137319369581
PreFlop,NunoStaMaria,5.0,false,0,0,1,2.0,0,0,174.66,137319357615
PreFlop,1337Gambl0r,12.0,false,0,0,2,7.0,0,0,201.0,137319383558
Flop,JennyDoom,4.0,false,1,2.0,0,0,1,1,84.0,137319452550
River,EsKoTeiRo,103.0,false,1,28.0,2,7.0,3,5,305.35,137319404886
Flop,IseeUcards,12.0,false,1,7.0,1,2.0,1,1,269.98,137319473594
PreFlop,ersevi6,2.0,false,0,0,0,0,0,0,106.6,137319509788
Flop,JennyDoom,11.8,false,1,5.0,1,2.0,1,1,85.82,137319530242
PreFlop,EsKoTeiRo,5.0,false,0,0,1,2.0,0,0,357.55,137319561881
River,PeterHummel,55.4,true,3,60.8,1,2.0,3,1,328.99,137319574537
PreFlop,EsKoTeiRo,37.8,false,0,0,3,25.4,0,0,352.55,137319631567
Flop,EsKoTeiRo,15.0,false,1,8.0,1,2.0,1,0,372.95,137319677218
PreFlop,PeterHummel,10.0,false,0,0,2,7.0,0,0,355.7,137319696333
PreFlop,JennyDoom,5.0,false,0,0,1,2.0,0,0,80.0,137319716492
PreFlop,ersevi6,206.2,false,0,0,4,59.0,1,0,99.6,137319734077
PreFlop,ersevi6,5.0,false,0,0,1,2.0,0,0,203.4,137319803850
PreFlop,Kalinich90,5.0,false,0,0,1,2.0,0,0,200.0,137319840209
Flop,ersevi6,11.0,false,1,7.03,1,2.0,1,1,206.4,137319818575
PreFlop,Kalinich90,5.0,false,0,0,1,2.0,0,0,203.0,137319892163
River,EsKoTeiRo,25.0,false,1,6.0,1,2.0,2,5,372.27,137319905133
River,derrocco82,104.0,false,2,39.0,1,2.0,5,3,192.0,137319937302
Turn,JennyDoom,13.8,false,1,8.0,1,2.0,1,2,80.0,137319980512
River,1337Gambl0r,182.0,true,2,72.0,2,6.44,3,2,200.0,137320010298
PreFlop,EsKoTeiRo,15.0,false,0,0,2,8.0,0,0,292.15,137320083883
PreFlop,IseeUcards,5.0,false,0,0,1,2.0,0,0,217.44,137320048689
River,PeterHummel,26.0,false,2,28.0,1,2.0,2,4,350.7,137320203252
River,Kalinich90,132.0,false,3,60.0,1,2.0,4,3,200.0,137320256548
PreFlop,EsKoTeiRo,2.0,false,0,0,0,0,0,0,295.15,137320325815
Flop,PeterHummel,44.0,true,1,22.0,2,7.0,2,1,296.53,137320294085
PreFlop,PeterHummel,5.0,false,0,0,1,2.0,0,0,320.55,137320344347
River,JennyDoom,30.0,false,1,8.0,1,2.0,2,5,82.78,137320358409
PreFlop,PeterHummel,5.0,false,0,0,1,2.0,0,0,323.55,137320423989
PreFlop,Kalinich90,5.0,false,0,0,1,2.0,0,0,256.2,137320484700
PreFlop,Lahesell,5.0,true,0,0,1,2.0,0,0,200.0,137320498663
PreFlop,Lahesell,5.0,false,0,0,1,2.0,0,0,203.0,137320513453
Flop,Lahesell,15.0,false,1,9.0,1,2.0,1,1,206.0,137320539631
River,EsKoTeiRo,86.0,false,1,24.0,2,6.44,2,4,277.15,137320562638
River,PeterHummel,83.0,false,2,34.0,1,2.0,3,2,323.55,137320637846
PreFlop,EsKoTeiRo,15.0,false,0,0,2,8.0,0,0,278.35,137320673379
PreFlop,EsKoTeiRo,4.0,false,0,0,1,2.0,0,0,269.35,137320971733
Flop,Kalinich90,20.0,false,1,13.0,1,2.0,2,1,251.8,137320981030
Flop,sylvian31,13.0,false,1,9.0,1,2.0,1,1,200.0,137321050180
River,_McLobster_,44.18,false,2,17.59,1,2.0,3,4,200.0,137321080185
River,Kalinich90,31.0,false,1,8.0,1,2.0,2,5,264.9,137321127794
PreFlop,sylvian31,5.0,false,0,0,1,2.0,0,0,206.42,137321172371
River,EsKoTeiRo,15.0,false,1,12.0,1,2.0,1,4,251.35,137321189728
PreFlop,Kalinich90,5.0,true,0,0,1,2.0,0,0,277.5,137321226035
PreFlop,IseeUcards,4.0,false,0,0,1,2.0,0,0,200.0,137321314947
PreFlop,EsKoTeiRo,5.0,true,0,0,1,2.0,0,0,315.87,137321303535
River,EsKoTeiRo,114.0,false,2,129.0,2,8.0,3,3,257.67,137321254240
PreFlop,EsKoTeiRo,5.0,false,0,0,1,2.0,0,0,318.87,137321349270
PreFlop,PeterHummel,5.0,false,0,0,1,2.0,0,0,357.75,137321332520
PreFlop,Kalinich90,5.0,true,0,0,1,2.0,0,0,277.5,137321386375
PreFlop,_McLobster_,5.0,false,0,0,1,2.0,0,0,216.6,137321376505
PreFlop,derrocco82,5.0,false,0,0,1,2.0,0,0,232.44,137321359463
PreFlop,Kalinich90,5.0,false,0,0,1,2.0,0,0,280.5,137321413375
PreFlop,EsKoTeiRo,5.0,true,0,0,1,2.0,0,0,318.87,137321394764
PreFlop,IseeUcards,5.0,true,0,0,1,2.0,0,0,200.0,137321427432
PreFlop,derrocco82,5.0,false,0,0,1,2.0,0,0,232.44,137321477111
PreFlop,EsKoTeiRo,5.0,false,0,0,1,2.0,0,0,315.87,137321469535
Turn,PeterHummel,13.0,false,1,8.0,1,2.0,1,2,357.75,137321445171
PreFlop,JennyDoom,4.0,false,0,0,1,2.0,0,0,80.0,137321538969
River,Monsthand,45.54,true,3,45.97,1,2.0,3,3,657.03,137321492182
PreFlop,IseeUcards,5.0,false,0,0,1,2.0,0,0,200.0,137321611055
PreFlop,erfk1958,5.0,true,0,0,1,2.0,0,0,141.0,137321647513
River,PeterHummel,29.0,true,1,8.0,1,2.0,2,4,391.2,137321625075
PreFlop,IseeUcards,5.0,false,0,0,1,2.0,0,0,203.0,137321661958
Flop,_McLobster_,15.0,false,1,10.0,1,2.0,1,0,202.0,137321896599
PreFlop,Monsthand,138.0,false,0,0,4,86.0,2,0,641.84,137321788151
PreFlop,erfk1958,5.0,false,0,0,1,2.0,0,0,137.0,137321846440
PreFlop,Monsthand,10.0,false,0,0,2,6.0,0,0,725.84,137321919881
PreFlop,EsKoTeiRo,5.0,true,0,0,1,2.0,0,0,235.87,137321967112
Flop,q3storm,4.0,false,1,2.48,0,0,1,1,75.0,137322002338
PreFlop,EsKoTeiRo,5.0,false,0,0,1,2.0,0,0,238.87,137321980057
PreFlop,EsKoTeiRo,5.0,false,0,0,1,2.0,0,0,241.87,137322022896
PreFlop,EsKoTeiRo,5.0,false,0,0,1,2.0,0,0,244.87,137322038191
PreFlop,Nnevil,2.0,false,0,0,0,0,0,0,80.0,137322301822
Turn,pizzabud1,13.0,false,1,8.0,1,2.0,1,2,200.0,137322311777
PreFlop,sylvian31,35.0,false,0,0,3,24.0,0,0,246.23,137322335341
PreFlop,DarioNo$had,2.0,false,0,0,0,0,0,0,200.0,137322359448
PreFlop,Igoriah,5.0,true,0,0,1,2.0,0,0,197.0,137322382489
PreFlop,DarioNo$had,11.0,true,0,0,2,6.0,0,0,200.0,137322398883
PreFlop,pizzabud1,5.0,false,0,0,1,2.0,0,0,205.42,137322411281
PreFlop,Nnevil,2.0,false,0,0,0,0,0,0,80.0,137322420246
PreFlop,q3storm,13.0,false,0,0,2,7.0,0,0,104.96,137322428675
River,q3storm,11.2,false,0,0,1,2.0,1,6,112.96,137322444026
PreFlop,sylvian31,5.0,false,0,0,1,2.0,0,0,262.23,137322465391
PreFlop,Nnevil,5.0,false,0,0,1,2.0,0,0,75.9,137322478245
PreFlop,Monsthand,2.0,false,0,0,0,0,0,0,733.44,137322490206
PreFlop,pizzabud1,5.0,false,0,0,1,2.0,0,0,205.42,137322497974
PreFlop,Nnevil,158.8,false,0,0,3,18.2,1,0,78.9,137322510329
Flop,erfk1958,12.0,true,1,6.0,1,2.0,2,2,103.46,137322532772
PreFlop,pizzabud1,4.0,false,0,0,1,2.0,0,0,204.42,137322549922
River,Igoriah,26.28,false,1,8.0,1,2.0,2,4,195.0,137322560681
Flop,Nnevil,12.42,false,1,6.64,1,2.0,2,2,61.86,137322606795
River,DarioNo$had,54.0,false,2,22.0,1,2.0,3,2,200.0,137322636528
PreFlop,_McLobster_,13.0,false,0,0,2,7.0,0,0,201.18,137322668867
Flop,_McLobster_,54.69,false,1,11.23,2,13.23,3,1,209.18,137322728594
Flop,pizzabud1,13.0,false,1,7.0,1,2.0,1,1,206.42,137322691297
PreFlop,_McLobster_,5.0,false,0,0,1,2.0,0,0,244.18,137322763671
Flop,Nnevil,13.0,true,1,6.96,1,2.0,2,2,80.92,137322813611
Flop,Nnevil,27.12,false,1,7.56,2,9.559999999999999,1,1,67.58,137322776613
Flop,erfk1958,9.0,false,1,4.0,1,2.0,1,1,103.92,137322836389
Flop,pizzabud1,11.0,false,1,6.0,1,2.0,1,0,209.84,137322876678
PreFlop,Monsthand,5.0,false,0,0,1,2.0,0,0,712.98,137322862786
PreFlop,q3storm,10.0,false,0,0,2,6.0,0,0,69.33,137322895278
River,Monsthand,12.0,false,1,7.56,1,2.0,1,5,715.98,137322920478
River,EsKoTeiRo,69.0,true,3,92.0,1,2.0,3,3,236.87,137322958412
PreFlop,pizzabud1,2.0,false,0,0,0,0,0,0,216.34,137323028418
PreFlop,DarioNo$had,5.0,false,0,0,1,2.0,0,0,200.34,137323005051
River,Monsthand,54.66,false,2,21.43,1,2.0,3,4,720.44,137323037535
Flop,Monsthand,13.8,false,1,8.6,1,2.0,1,0,745.81,137323079674
PreFlop,EsKoTeiRo,5.0,false,0,0,1,2.0,0,0,270.07,137323141411
Turn,erfk1958,13.0,false,1,6.0,1,2.0,2,4,105.52,137323103799
Flop,erfk1958,9.0,false,1,4.0,1,2.0,1,1,113.94,137323158267
Flop,DarioNo$had,38.0,false,1,11.0,2,13.0,2,1,200.0,137323178811
Flop,erfk1958,20.62,false,1,5.71,2,7.71,1,1,118.54,137323219093
River,erfk1958,30.0,false,2,36.65,1,2.0,2,2,128.42,137323241711
River,EsKoTeiRo,80.7,false,2,64.85,2,8.0,2,3,268.07,137323287694
PreFlop,erfk1958,11.2,false,0,0,2,6.1,0,0,143.07,137323326311
Flop,pizzabud1,23.34,true,1,6.03,2,8.030000000000001,1,0,203.94,137323346855
PreFlop,DarioNo$had,10.0,false,0,0,2,6.0,0,0,200.0,137323366808
PreFlop,EsKoTeiRo,2.0,false,0,0,0,0,0,0,307.12,137323381563
PreFlop,q3storm,5.0,true,0,0,1,2.0,0,0,55.42,137323403993
PreFlop,erfk1958,9.2,false,0,0,2,6.1,0,0,150.17,137323414074
PreFlop,Nnevil,2.0,false,0,0,0,0,0,0,73.17,137323432934
PreFlop,EsKoTeiRo,5.0,false,0,0,1,2.0,0,0,307.12,137323446336
Flop,DarioNo$had,20.0,false,1,14.0,1,2.0,2,1,206.0,137323468211
Flop,pizzabud1,17.2,true,1,14.0,1,2.0,2,2,204.06,137323485410
PreFlop,pizzabud1,5.0,false,0,0,1,2.0,0,0,215.09,137323520226
PreFlop,q3storm,10.0,false,0,0,2,6.0,0,0,52.32,137323540982
Turn,EsKoTeiRo,74.0,false,2,66.0,2,6.14,2,0,302.12,137323562818
PreFlop,q3storm,5.0,false,0,0,1,2.0,0,0,58.32,137323596418
River,erfk1958,22.0,false,2,148.27,1,2.0,2,2,152.27,137323619017
Flop,pizzabud1,29.0,false,1,8.0,2,10.0,1,1,218.09,137323662629
PreFlop,EsKoTeiRo,5.0,false,0,0,1,2.0,0,0,337.32,137323689858
River,JennyDoom,18.0,false,1,11.2,1,2.0,2,7,149.8,137323706525
PreFlop,pizzabud1,5.0,false,0,0,1,2.0,0,0,230.79,137323761728
PreFlop,erfk1958,2.0,false,0,0,0,0,0,0,163.28,137323820334
PreFlop,q3storm,4.0,false,0,0,1,2.0,0,0,59.32,137323806437
PreFlop,Monsthand,5.0,false,0,0,1,2.0,0,0,726.19,137323782635
Flop,Igoriah,11.0,false,1,6.93,1,2.0,1,1,200.0,137323845012
PreFlop,JennyDoom,5.0,false,0,0,1,2.0,0,0,159.99,137323826838
Flop,EsKoTeiRo,27.0,false,1,18.0,1,2.0,4,4,331.32,137323867274
PreFlop,erfk1958,83.0,false,0,0,4,66.0,0,0,163.28,137323906748
PreFlop,DarioNo$had,5.0,true,0,0,1,2.0,0,0,200.0,137323955370
River,q3storm,20.68,false,2,13.34,1,2.0,2,3,61.32,137323929490
Turn,EsKoTeiRo,26.0,false,1,7.0,2,9.0,1,3,309.7,137323965554
Turn,Igoriah,401.2,false,2,69.0,3,53.0,3,2,199.1,137324012380
Turn,Nnevil,9.0,false,1,4.81,1,2.0,1,2,74.0,137324053859
River,pizzabud1,49.58,false,0,0,2,8.0,1,0,24.29,137324089642
PreFlop,Too-Anti-To,20.0,false,0,0,2,8.0,1,0,198.0,137324281931
Flop,hurtNCYDE,13.0,true,1,8.56,1,2.0,1,1,200.0,137324323762
PreFlop,rijger321,7.0,false,0,0,1,2.0,0,0,96.05,137324371939
PreFlop,tooteechU,5.0,false,0,0,1,2.0,0,0,158.0,137324386422
PreFlop,rijger321,4.0,false,0,0,1,2.0,0,0,111.97,137324434227
River,rijger321,24.0,false,3,24.0,0,0,3,3,101.05,137324400478
PreFlop,pizzabud1,5.0,false,0,0,1,2.0,0,0,189.0,137324461764
PreFlop,pizzabud1,5.0,false,0,0,1,2.0,0,0,186.0,137324449171
Flop,Nnevil,9.28,false,1,4.96,1,2.0,1,1,82.2,137324499822
PreFlop,hurtNCYDE,5.0,true,0,0,1,2.0,0,0,204.42,137324482257
Flop,rijger321,13.0,false,1,12.0,1,2.0,2,1,113.97,137324576901
PreFlop,Nnevil,2.0,false,0,0,0,0,0,0,86.92,137324562575
PreFlop,rijger321,5.0,true,0,0,1,2.0,0,0,119.39,137324679566
Turn,hurtNCYDE,39.32,false,2,29.68,1,2.0,3,2,202.42,137324631593
Flop,pizzabud1,21.0,false,1,14.0,1,2.0,1,0,182.0,137324686460
River,tooteechU,78.0,true,3,74.0,1,2.0,5,5,155.0,137324701907
River,rijger321,231.78,false,2,49.13,3,38.74,3,2,114.39,137324770962
River,hurtNCYDE,68.0,false,2,26.0,1,2.0,4,5,200.0,137324803960
River,rijger321,23.34,true,2,18.03,1,2.0,2,3,221.98,137324891030
PreFlop,erfk1958,5.0,false,0,0,1,2.0,0,0,176.28,137324928088
PreFlop,Monsthand,11.0,false,0,0,2,6.0,0,0,699.33,137324941002
PreFlop,rijger321,5.0,false,0,0,1,2.0,0,0,220.1,137325017373
PreFlop,Nnevil,118.58,false,0,0,4,58.699999999999996,2,0,55.59,137325030518
River,pizzabud1,16.0,false,1,4.0,1,2.0,3,4,167.06,137325078206
Flop,tooteechU,15.0,false,1,10.0,1,2.0,1,0,162.2,137325112155
Flop,tooteechU,9.0,false,1,4.0,1,2.0,1,0,170.52,137325172166
Flop,pizzabud1,14.0,false,1,8.0,1,2.0,1,1,168.34,137325201209
Flop,rijger321,15.0,false,1,10.0,1,2.0,1,0,214.1,137325224937
River,Monsthand,29.8,false,2,29.0,1,2.0,2,3,705.62,137325259747
Turn,pizzabud1,20.42,false,2,17.23,1,2.0,2,1,175.71,137325319000
Flop,pizzabud1,48.0,true,1,14.0,2,16.0,2,1,185.5,137325357261
River,rijger321,9.0,true,1,6.0,1,2.0,1,5,216.42,137325389612
River,hurtNCYDE,406.0,false,3,199.2,2,8.0,5,0,224.2,137325421748
PreFlop,first_dnk,14.0,false,0,0,2,8.0,0,0,90.76,137325531093
River,first_dnk,22.54,false,2,17.61,1,2.0,2,2,80.0,137325498290
PreFlop,sanpidk,5.0,false,0,0,1,2.0,0,0,200.0,137325573583
PreFlop,hurtNCYDE,5.0,false,0,0,1,2.0,0,0,427.4,137325555105
PreFlop,pizzabud1,2.0,false,0,0,0,0,0,0,200.57,137325592208
River,first_dnk,27.26,false,2,21.29,1,2.0,2,2,98.76,137325606319
River,rijger321,26.0,false,1,7.0,1,2.0,2,5,219.02,137325670357
PreFlop,hurtNCYDE,2.0,false,0,0,0,0,0,0,430.4,137325727671
PreFlop,pizzabud1,35.0,false,0,0,3,24.0,0,0,200.57,137325738092
River,hurtNCYDE,21.92,true,1,5.46,1,2.0,2,5,430.4,137325769657
PreFlop,erfk1958,2.0,false,0,0,0,0,0,0,160.88,137325869180
River,Igoriah,11.0,false,0,0,1,2.0,1,6,371.27,137325895036
PreFlop,pizzabud1,2.0,false,0,0,0,0,0,0,219.57,137325955112
River,pizzabud1,74.0,false,2,66.0,2,7.0,2,2,220.57,137325987046
River,Monsthand,65.0,false,2,26.0,1,2.0,3,2,698.68,137326067614
Flop,Igoriah,11.0,false,1,7.0,1,2.0,1,1,339.77,137326109641
Turn,sanpidk,10.0,false,1,6.0,1,2.0,1,3,200.0,137326133887
Turn,rijger321,33.0,false,2,19.0,1,2.0,2,1,218.85,137326247602
PreFlop,Monsthand,5.0,false,0,0,1,2.0,0,0,690.38,137326293419
PreFlop,Igoriah,2.0,false,0,0,0,0,0,0,345.27,137326318319
PreFlop,pizzabud1,2.0,false,0,0,0,0,0,0,208.77,137326340602
Turn,Igoriah,20.0,true,2,18.0,1,2.0,2,2,345.27,137326369506
PreFlop,pizzabud1,5.0,true,0,0,1,2.0,0,0,200.77,137326406260
PreFlop,Monsthand,10.0,false,0,0,2,6.0,0,0,691.38,137326438527
PreFlop,rijger321,5.0,false,0,0,1,2.0,0,0,228.37,137326514044
Flop,erfk1958,9.0,false,1,4.0,1,2.0,1,1,157.88,137326541370
PreFlop,first_dnk,15.0,true,0,0,2,6.0,1,0,95.2,137326569703
Flop,Igoriah,8.0,false,1,5.0,1,2.0,1,1,355.37,137326609520
River,pizzabud1,49.92,false,3,53.46,1,2.0,3,1,164.77,137326636880
Turn,pizzabud1,54.0,false,2,48.0,2,6.0,2,0,187.98,137326709707
River,Monsthand,124.0,false,2,182.0,2,18.0,5,2,697.38,137326781732
Turn,erfk1958,9.0,false,1,4.0,1,2.0,1,3,130.48,137326905572
PreFlop,Igoriah,5.0,false,0,0,1,2.0,0,0,353.01,137326965033
PreFlop,pizzabud1,5.0,false,0,0,1,2.0,0,0,164.55,137326941225
River,erfk1958,31.0,false,2,40.0,1,2.0,2,3,135.08,137326987427
PreFlop,Igoriah,2.0,false,0,0,0,0,0,0,356.01,137327037920
Flop,Monsthand,31.0,false,1,16.0,2,6.0,1,1,768.58,137327017680
River,rijger321,24.0,false,2,22.0,1,2.0,3,4,144.37,137327109902
PreFlop,Monsthand,2.0,false,0,0,0,0,0,0,784.18,137327155850
PreFlop,hurtNCYDE,10.0,false,0,0,2,6.0,0,0,391.41,137327212170
PreFlop,Monsthand,10.0,false,0,0,2,6.0,0,0,785.18,137327183358
PreFlop,Igoriah,5.0,false,0,0,1,2.0,0,0,356.01,137327237485
River,first_dnk,66.0,false,2,45.620000000000005,2,8.0,2,2,101.2,137327259900
Turn,sanpidk,25.0,false,2,23.0,1,2.0,2,2,200.0,137327320969
PreFlop,Igoriah,2.0,false,0,0,0,0,0,0,359.01,137327378373
Turn,first_dnk,45.46,false,2,37.870000000000005,1,2.0,3,2,132.4,137327440666
Turn,Monsthand,40.0,false,2,16.0,2,12.0,2,0,791.18,137327490159
PreFlop,Igoriah,5.0,false,0,0,1,2.0,0,0,359.01,137327531130
Turn,first_dnk,28.7,false,2,22.42,1,2.0,2,2,155.99,137327556360
Flop,pizzabud1,35.0,false,1,10.0,2,12.0,1,0,115.73,137327614810
River,pizzabud1,19.0,false,2,19.0,1,2.0,2,4,133.15,137327696784
PreFlop,pizzabud1,5.0,false,0,0,1,2.0,0,0,142.29,137327757099
PreFlop,erfk1958,5.0,false,0,0,1,2.0,0,0,120.68,137327844398
PreFlop,Igoriah,5.0,false,0,0,1,2.0,0,0,359.01,137327877397
PreFlop,pizzabud1,5.0,false,0,0,1,2.0,0,0,118.29,137327905518
Flop,pizzabud1,13.0,false,1,8.0,1,2.0,1,1,121.29,137327927845
PreFlop,Igoriah,5.0,false,0,0,1,2.0,0,0,357.01,137327978185
PreFlop,sanpidk,5.0,false,0,0,1,2.0,0,0,200.0,137328139166
PreFlop,erfk1958,47.0,false,0,0,3,26.0,1,0,120.68,137328164906
Flop,Igoriah,11.0,false,1,7.0,1,2.0,1,1,350.01,137328374379
Flop,Igoriah,12.0,false,1,7.0,1,2.0,1,1,355.51,137328433761
Flop,Zockermicha,21.0,false,1,6.0,2,8.0,1,1,200.0,137328643781
PreFlop,TOMBATLE,13.0,true,0,0,2,7.0,0,0,201.23,137328698524
Flop,erfk1958,10.0,false,1,6.0,1,2.0,1,1,136.68,137328764944
PreFlop,Igoriah,17.0,false,0,0,2,9.0,1,0,378.52,137328810793
River,Fitsch82,142.0,false,1,12.0,3,46.0,4,2,65.0,137328841956
PreFlop,12754810,5.0,false,0,0,1,2.0,0,0,200.0,137328926796
PreFlop,Zockermicha,5.0,false,0,0,1,2.0,0,0,200.0,137329018001
PreFlop,ilaviiitech,5.0,false,0,0,1,2.0,1,0,200.0,137329511930
PreFlop,cee23,2.0,false,0,0,0,0,0,0,215.44,137329540584
River,cee23,406.54,false,0,0,3,205.27,3,0,216.44,137329552941
River,cee23,19.0,true,2,16.0,1,2.0,3,6,424.91,137329604990
PreFlop,erfk1958,5.0,false,0,0,1,2.0,0,0,133.87,137330053076
PreFlop,b_____a__242,4.0,false,0,0,1,2.0,0,0,80.0,137330068818
PreFlop,b_____a__242,13.0,true,0,0,2,7.0,0,0,82.0,137330098361
Flop,_McLobster_,9.0,false,1,6.0,1,2.0,1,0,207.5,137330127392
Flop,panosasd,20.92,false,1,12.0,2,6.48,1,1,172.0,137330152165
River,Igoriah,8.0,false,1,4.0,1,2.0,1,5,294.52,137330193839
PreFlop,_McLobster_,5.0,false,0,0,1,2.0,0,0,211.1,137330235574
PreFlop,_McLobster_,5.0,true,0,0,1,2.0,0,0,251.86,137330492134
PreFlop,erfk1958,5.0,true,0,0,1,2.0,0,0,132.15,137330515253
Flop,panosasd,5.0,false,1,2.0,0,0,1,2,170.02,137330544238
Turn,_McLobster_,49.0,false,1,12.0,2,14.0,3,4,254.86,137330602590
PreFlop,cee23,5.0,true,0,0,1,2.0,0,0,441.33,137330656773
Flop,panosasd,38.0,true,1,18.0,2,7.0,2,2,153.8,137330676065
PreFlop,panosasd,5.0,false,0,0,1,2.0,0,0,178.09,137330719582
River,panosasd,41.0,false,2,32.0,2,6.0,2,3,181.09,137330739020
PreFlop,_McLobster_,5.0,false,0,0,1,2.0,0,0,280.66,137330837277
PreFlop,mojitos86,5.0,false,0,0,1,2.0,0,0,186.0,137330808874
PreFlop,Mr.Grigoriy,2.0,false,0,0,0,0,0,0,200.0,137330857298
PreFlop,panosasd,2.0,false,0,0,0,0,0,0,200.25,137330882445
Flop,erfk1958,9.0,false,1,4.0,1,2.0,1,1,126.15,137330910469
Flop,_McLobster_,12.0,false,1,8.0,1,2.0,1,1,283.66,137330936708
PreFlop,Mr.Grigoriy,5.0,false,0,0,1,2.0,0,0,200.0,137330972843
PreFlop,checkitout12,2.0,false,0,0,0,0,0,0,80.0,137331018092
PreFlop,checkitout12,14.0,false,0,0,2,8.0,0,0,81.0,137331031751
Flop,Mr.Grigoriy,36.04,false,1,18.0,2,6.04,2,1,200.0,137331051916
Flop,checkitout12,11.08,false,1,7.0,1,2.0,1,0,84.96,137331106842
PreFlop,Mr.Grigoriy,5.0,true,0,0,1,2.0,0,0,217.42,137331157955
River,erfk1958,23.0,false,2,9.0,0,0,3,3,127.75,137331184074
Turn,_McLobster_,21.46,false,2,21.73,1,2.0,2,1,288.12,137331223291
Flop,_McLobster_,20.0,false,1,12.0,1,2.0,2,2,296.88,137331326427
Flop,cee23,13.0,false,1,7.45,1,2.0,1,1,434.19,137331630008
PreFlop,SanychStar,5.0,true,0,0,1,2.0,0,0,200.0,137331661537
Flop,erfk1958,12.0,false,1,6.0,1,2.0,1,1,128.71,137331744448
River,checkitout12,73.0,false,2,30.0,1,2.0,3,2,167.12,137331777794
River,leonpuppe,25.42,false,2,10.21,0,0,3,4,267.75,137331829953
River,_McLobster_,175.0,false,3,198.19,1,2.0,4,3,208.19,137332046406
River,SanychStar,17.6,false,1,4.3,1,2.0,2,5,203.0,137332111051
River,leonpuppe,68.9,false,0,0,3,36.0,2,0,201.83,137332193444
Turn,leonpuppe,22.0,false,2,24.0,1,2.0,2,1,191.82,137332160078
PreFlop,leonpuppe,5.0,true,0,0,1,2.0,0,0,237.48,137332231346
Flop,_McLobster_,38.0,false,1,22.0,1,2.0,4,0,286.39,137332251035
River,leonpuppe,116.0,false,2,33.0,1,2.0,7,7,228.48,137332297209
River,_McLobster_,23.0,false,0,0,1,2.0,2,6,310.68,137332405938
Turn,leonpuppe,71.0,false,1,20.0,2,22.0,1,3,294.68,137332427805
Flop,genan,9.0,true,1,5.0,1,2.0,1,1,74.0,137332483529
PreFlop,_McLobster_,2.0,false,0,0,0,0,0,0,322.64,137332530831
Flop,cee23,4.0,false,1,2.29,0,0,1,2,295.61,137332504580
River,leonpuppe,133.12,false,2,56.06,1,2.0,5,5,322.88,137332545961
PreFlop,checkitout12,2.0,false,0,0,0,0,0,0,162.32,137332625125
Turn,leonpuppe,15.0,false,1,10.0,1,2.0,2,2,381.56,137332859384
Flop,checkitout12,14.0,true,1,8.0,1,2.0,2,2,163.95,137332898941
Flop,Too-Anti-To,12.0,false,1,5.73,1,2.0,2,1,200.0,137332952606
PreFlop,SanychStar,2.0,false,0,0,0,0,0,0,212.88,137332997040
PreFlop,_McLobster_,11.0,false,0,0,2,7.0,0,0,335.24,137333074327
PreFlop,erfk1958,2.0,false,0,0,0,0,0,0,91.89,137333102823
PreFlop,Too-Anti-To,5.0,false,0,0,1,2.0,0,0,206.46,137333121976
PreFlop,leonpuppe,5.0,false,0,0,1,2.0,0,0,386.88,137333135126
PreFlop,leonpuppe,5.0,false,0,0,1,2.0,0,0,389.88,137333174495
PreFlop,SanychStar,16.16,false,0,0,2,6.04,2,0,207.88,137333191052
PreFlop,checkitout12,5.0,false,0,0,1,2.0,0,0,166.28,137333269139
PreFlop,aseban11,2.0,false,0,0,0,0,0,0,200.0,137333285860
Turn,SanychStar,13.0,false,1,8.0,1,2.0,1,2,219.0,137333299197
PreFlop,erfk1958,2.0,false,0,0,0,0,0,0,91.89,137333345001
River,_McLobster_,71.0,true,2,24.0,1,2.0,4,2,337.24,137333372348
River,leonpuppe,13.0,false,2,16.0,0,0,2,5,350.88,137333459471
River,checkitout12,9.08,true,0,0,1,2.0,1,6,166.28,137333491788
PreFlop,zylin888,2.0,false,0,0,0,0,0,0,200.0,137333555423
PreFlop,erfk1958,5.0,false,0,0,1,2.0,0,0,91.89,137333582836
Flop,aseban11,14.0,false,1,7.0,1,2.0,1,1,200.0,137333623873
PreFlop,checkitout12,5.0,false,0,0,1,2.0,0,0,170.91,137333662406
PreFlop,zylin888,5.0,false,0,0,1,2.0,0,0,200.0,137333702258
PreFlop,aseban11,5.0,false,0,0,1,2.0,0,0,204.37,137333774484
PreFlop,SanychStar,5.0,false,0,0,1,2.0,0,0,218.42,137333748752
Flop,checkitout12,13.0,false,1,8.0,1,2.0,1,1,173.91,137333717278
PreFlop,aseban11,5.0,false,0,0,1,2.0,0,0,201.37,137333860686
Turn,_McLobster_,15.0,false,1,8.0,1,2.0,1,3,368.44,137333809083
Flop,leonpuppe,74.0,false,1,76.0,2,8.0,5,0,352.3,137333877815
PreFlop,_McLobster_,4.0,false,0,0,1,2.0,0,0,377.76,137333981688
PreFlop,_McLobster_,2.0,false,0,0,0,0,0,0,376.76,137333944355
River,aseban11,75.0,false,2,28.0,1,2.0,3,2,201.37,137333997900
PreFlop,erfk1958,5.0,false,0,0,1,2.0,0,0,84.89,137334074143
PreFlop,lalalala139,2.0,false,0,0,0,0,0,0,203.0,137334059647
PreFlop,lalalala139,5.0,false,0,0,1,2.0,0,0,200.0,137334038570
Flop,lalalala139,39.0,true,1,25.0,2,8.0,1,1,203.0,137334098884
River,_McLobster_,13.0,false,0,0,1,2.0,1,6,379.76,137334136141
River,leonpuppe,37.0,true,2,16.0,0,0,3,5,344.5,137334214951
River,erfk1958,9.0,false,1,2.0,0,0,2,5,87.89,137334260144
Flop,SanychStar,12.0,false,1,7.0,1,2.0,1,1,200.0,137334291351
River,leonpuppe,5.0,false,0,0,0,0,1,7,357.84,137334328694
PreFlop,aseban11,5.0,false,0,0,1,2.0,0,0,234.57,137334404849
Flop,erfk1958,9.0,false,1,4.0,1,2.0,1,1,87.49,137334447325
Flop,leonpuppe,4.0,false,1,6.0,0,0,1,1,356.62,137334486219
PreFlop,_McLobster_,2.0,false,0,0,0,0,0,0,367.18,137334506536
PreFlop,leonpuppe,5.0,false,0,0,1,2.0,0,0,358.44,137334525352
Turn,checkitout12,17.0,false,1,10.0,1,2.0,2,2,153.33,137334554931
River,lalalala139,183.0,false,3,85.0,1,2.0,4,2,219.24,137334603155
PreFlop,erfk1958,5.0,false,0,0,1,2.0,0,0,89.09,137334689422
PreFlop,erfk1958,5.0,false,0,0,1,2.0,0,0,92.09,137334714608
PreFlop,leonpuppe,5.0,false,0,0,1,2.0,0,0,353.44,137334746211
PreFlop,checkitout12,5.0,false,0,0,1,2.0,0,0,160.57,137334794954
PreFlop,erfk1958,2.0,false,0,0,0,0,0,0,95.09,137334817339
PreFlop,checkitout12,7.0,false,0,0,1,2.0,0,0,173.61,137334976477
Turn,jayster8,5.0,false,1,2.0,0,0,1,4,71.0,137335074962
Flop,checkitout12,79.0,false,1,30.48,2,7.0,4,0,176.61,137335136695
Flop,jayster8,12.12,false,1,6.0,1,2.0,2,0,71.78,137335223200
PreFlop,lolmode,4.0,false,0,0,1,2.0,0,0,200.0,137335344760
Turn,checkitout12,24.0,false,1,12.0,1,2.0,3,4,224.77,137335283398
Turn,lolmode,17.0,true,1,9.0,1,2.0,2,3,202.0,137335378837
PreFlop,XxMuskyxX,5.0,false,0,0,1,2.0,0,0,208.32,137335482246
River,XxMuskyxX,15.0,true,1,8.0,1,2.0,1,5,200.0,137335436552
PreFlop,lolmode,5.0,false,0,0,1,2.0,0,0,211.24,137335469808
PreFlop,_McLobster_,5.0,false,0,0,1,2.0,0,0,336.18,137335497588
River,erfk1958,23.0,false,0,0,2,6.0,1,6,89.09,137335519564
PreFlop,lolmode,5.0,true,0,0,1,2.0,0,0,211.24,137335613262
Turn,_McLobster_,30.0,true,2,28.0,1,2.0,2,2,336.18,137335668100
Turn,ppplaatje,29.0,false,2,22.0,1,2.0,2,1,157.0,137335734212
PreFlop,XxMuskyxX,5.0,true,0,0,1,2.0,0,0,209.19,137335976167
PreFlop,Mr.Grigoriy,2.0,false,0,0,0,0,0,0,214.42,137336116499
PreFlop,XxMuskyxX,2.0,false,0,0,0,0,0,0,220.69,137336147547
PreFlop,ppplaatje,13.0,false,0,0,2,8.0,0,0,200.0,137336872361
Flop,_McLobster_,48.0,false,1,32.0,2,10.0,1,1,338.83,137336911862
PreFlop,staskmp,2.0,false,0,0,0,0,0,0,231.1,137337000420
Turn,XxMuskyxX,13.0,false,1,8.0,1,2.0,1,3,210.14,137337425610
PreFlop,_McLobster_,5.0,true,0,0,1,2.0,0,0,370.05,137337485354
Flop,ppplaatje,13.0,false,1,8.0,1,2.0,1,1,194.2,137337514391
PreFlop,Mr.Grigoriy,5.0,true,0,0,1,2.0,0,0,236.03,137337637944
Flop,ppplaatje,34.0,false,1,22.0,2,7.0,1,0,198.62,137337665228
PreFlop,Mr.Grigoriy,5.0,false,0,0,1,2.0,0,0,223.03,137337739408
River,ppplaatje,40.0,false,2,31.0,1,2.0,3,3,215.09,137337780953
Turn,ppplaatje,34.0,false,2,26.0,1,2.0,3,1,237.29,137337853977
PreFlop,ppplaatje,5.0,false,0,0,1,2.0,0,0,256.76,137338028779
Flop,lolmode,13.0,false,1,7.0,1,2.0,1,0,214.4,137338049651
River,Nnevil,42.06,false,1,12.03,1,2.0,3,6,77.0,137338103922
River,ppplaatje,178.0,false,3,79.0,1,2.0,5,3,238.73,137338162600
PreFlop,Nnevil,5.0,false,0,0,1,2.0,0,0,93.14,137338397646
Flop,ppplaatje,21.0,false,1,12.0,1,2.0,2,0,328.93,137338329326
PreFlop,ppplaatje,4.0,false,0,0,1,2.0,0,0,340.99,137338426741
Turn,Mr.Grigoriy,27.0,false,2,25.0,1,2.0,2,1,200.0,137338460208
PreFlop,ppplaatje,5.0,false,0,0,1,2.0,0,0,358.59,137338585415
Flop,ppplaatje,31.0,false,1,20.0,2,7.0,1,1,342.99,137338537337
PreFlop,ppplaatje,5.0,false,0,0,1,2.0,0,0,361.59,137338643950
PreFlop,Nnevil,5.0,false,0,0,1,2.0,0,0,93.14,137338603406
PreFlop,ppplaatje,10.0,false,0,0,2,6.0,0,0,364.59,137338663777
River,ppplaatje,104.7,false,0,0,3,28.0,1,0,370.59,137338761641
River,Nnevil,56.74,false,2,21.87,1,2.0,3,3,96.14,137338715187
PreFlop,Mr.Grigoriy,5.0,true,0,0,1,2.0,0,0,210.24,137339001810
Flop,Mr.Grigoriy,12.0,false,1,8.0,1,2.0,1,0,204.78,137338961999
PreFlop,Nnevil,2.0,false,0,0,0,0,0,0,96.58,137339086354
PreFlop,sylvian31,5.0,false,0,0,1,2.0,0,0,200.0,137339073647
River,ppplaatje,489.0,false,2,212.0,3,21.0,3,3,419.14,137339021354
PreFlop,ppplaatje,5.0,false,0,0,1,2.0,0,0,663.34,137339092361
PreFlop,ppplaatje,5.0,false,0,0,1,2.0,0,0,666.34,137339107194
River,kay82_ps,135.0,false,3,177.0,2,10.0,3,2,200.0,137339183896
Flop,sylvian31,5.0,false,1,3.0,0,0,1,1,203.0,137339321728
Flop,kay82_ps,18.0,false,1,14.0,1,2.0,2,2,265.2,137339368319
Flop,sylvian31,16.0,true,1,10.23,1,2.0,2,2,200.0,137339444586
River,ppplaatje,25.0,true,2,18.0,1,2.0,2,3,660.34,137339520515
River,_McLobster_,267.0,true,2,96.0,2,12.0,3,3,200.0,137339594008
Flop,ppplaatje,19.0,false,1,18.0,1,2.0,1,0,540.22,137339799474
PreFlop,kay82_ps,5.0,false,0,0,1,2.0,0,0,258.39,137340158166
River,_McLobster_,28.0,false,1,8.0,1,2.0,2,4,332.72,137340200596
Flop,_McLobster_,73.0,true,1,16.0,2,18.0,4,1,345.46,137340262934
PreFlop,lolmode,52.0,false,0,0,3,30.0,1,0,216.52,137340341168
Turn,lolmode,161.0,false,2,187.52,3,30.0,2,1,245.52,137340417047
Turn,ppplaatje,15.0,false,1,8.0,1,2.0,1,3,459.96,137340539185
PreFlop,lolmode,5.0,true,0,0,1,2.0,0,0,322.72,137340624550
River,_McLobster_,111.0,false,3,136.0,1,2.0,3,3,393.66,137340656892
River,_McLobster_,881.56,false,2,357.86,3,42.0,5,6,447.86,137340748031
PreFlop,Mr.Grigoriy,5.0,false,0,0,1,2.0,0,0,200.0,137341021745
River,Nnevil,30.38,false,1,8.69,1,2.0,2,4,86.58,137340956856
PreFlop,BenaBadBeat,4.0,false,0,0,1,2.0,0,0,200.0,137341277482
PreFlop,sylvian31,5.0,false,0,0,1,2.0,0,0,209.84,137341327568
PreFlop,inthestretch,5.0,false,0,0,1,2.0,0,0,215.0,137341299663
Turn,inthestretch,25.78,false,2,16.310000000000002,1,4.0,2,2,218.0,137341355863
PreFlop,4getDa$,5.0,false,0,0,1,2.0,0,0,200.0,137341437916
PreFlop,kay82_ps,15.0,false,0,0,2,8.0,0,0,222.7,137341406771
PreFlop,4getDa$,5.0,false,0,0,1,2.0,0,0,206.0,137341539759
PreFlop,4getDa$,5.0,false,0,0,1,2.0,0,0,203.0,137341491107
Flop,BenaBadBeat,16.0,false,1,7.95,1,2.0,2,1,202.0,137341558953
PreFlop,_McLobster_,5.0,false,0,0,1,2.0,0,0,849.84,137341649039
River,espher,17.0,false,2,12.0,0,0,4,6,116.61,137341698882
Flop,kay82_ps,21.0,true,1,14.24,1,2.0,2,1,228.7,137341788914
PreFlop,4getDa$,5.0,true,0,0,1,2.0,0,0,206.0,137341866318
River,SoNe1988,80.0,false,3,35.0,1,2.0,4,3,200.0,137341933322
River,espher,38.0,false,1,5.73,1,5.73,3,7,114.1,137342544321
PreFlop,espher,2.0,false,0,0,0,0,0,0,132.39,137342616782
PreFlop,4getDa$,5.0,false,0,0,1,2.0,0,0,210.53,137342634739
PreFlop,espher,5.0,true,0,0,1,2.0,0,0,132.39,137342654016
PreFlop,BenaBadBeat,2.0,false,0,0,0,0,0,0,232.94,137342668195
River,erfk1958,33.0,true,0,0,2,6.0,1,6,95.84,137342680102
Flop,espher,5.0,false,1,4.0,0,0,1,2,135.39,137342770876
PreFlop,BenaBadBeat,5.0,false,0,0,1,2.0,0,0,232.94,137342825524
River,inthestretch,36.16,false,1,10.08,1,2.0,2,5,113.08,137342841581
PreFlop,_McLobster_,5.0,false,0,0,1,2.0,0,0,846.84,137342884401
PreFlop,BenaBadBeat,5.0,false,0,0,1,2.0,0,0,235.94,137342932613
PreFlop,4getDa$,5.0,false,0,0,1,2.0,0,0,200.0,137342949708
River,_McLobster_,27.0,true,2,25.0,1,2.0,2,3,846.84,137342972906
PreFlop,BenaBadBeat,7.0,true,0,0,1,2.0,1,0,234.94,137343113714
Flop,kay82_ps,6.0,false,1,5.67,0,0,2,2,308.84,137343047114
River,kay82_ps,23.0,true,1,7.0,1,2.0,2,5,311.57,137343132729
Flop,inthestretch,15.0,true,1,14.32,1,2.0,1,1,114.53,137343272915
River,espher,51.0,false,2,38.0,2,6.0,2,2,135.17,137343195435
PreFlop,inthestretch,5.0,false,0,0,1,2.0,0,0,122.85,137343314834
Turn,_McLobster_,6.0,false,1,4.01,0,0,2,4,852.62,137343350523
Flop,kay82_ps,14.0,false,1,6.81,1,2.0,1,1,322.53,137343437782
Flop,4getDa$,15.0,false,1,9.45,1,2.0,1,1,200.0,137343536779
PreFlop,inthestretch,2.0,false,0,0,0,0,0,0,123.85,137343665363
River,espher,19.0,false,1,8.0,1,2.0,2,4,156.87,137343610769
PreFlop,kay82_ps,11.0,false,0,0,2,6.0,0,0,321.9,137343692345
PreFlop,4getDa$,5.0,false,0,0,1,2.0,0,0,204.32,137343749083
PreFlop,SoNe1988,5.0,true,0,0,1,2.0,0,0,200.0,137343781448
River,BenaBadBeat,42.06,false,2,46.14,1,2.0,3,2,228.94,137343823463
Flop,inthestretch,13.0,false,1,6.21,1,2.0,1,1,118.85,137343915269
River,erfk1958,13.0,true,0,0,1,2.0,1,6,69.36,137343949554
Flop,BenaBadBeat,11.0,true,1,7.35,1,2.0,1,1,245.08,137344017429
PreFlop,4getDa$,19.0,false,0,0,2,10.0,1,0,207.32,137344071635
PreFlop,checkitout12,13.0,false,0,0,2,7.0,0,0,200.0,137344173341
PreFlop,erfk1958,5.0,false,0,0,1,2.0,0,0,85.02,137344228859
PreFlop,4getDa$,5.0,false,0,0,1,2.0,0,0,217.32,137344278470
PreFlop,inthestretch,5.0,false,0,0,1,2.0,0,0,114.27,137344317422
PreFlop,VinQbator,2.0,false,0,0,0,0,0,0,200.0,137344388996
Flop,inthestretch,13.56,false,1,3.78,1,3.78,2,1,117.27,137344416688
Turn,BenaBadBeat,11.0,false,1,7.35,1,2.0,1,3,243.0,137344485161
PreFlop,espher,5.0,false,0,0,1,2.0,0,0,161.01,137344553232
PreFlop,VinQbator,39.0,false,0,0,3,26.0,0,0,200.0,137344606530
River,kay82_ps,21.0,false,1,4.0,1,2.0,2,4,301.9,137344669121
PreFlop,inthestretch,5.0,false,0,0,1,2.0,0,0,121.44,137344736471
Flop,VinQbator,10.0,false,1,6.3,1,2.0,1,1,221.0,137344773777
PreFlop,kay82_ps,19.0,false,0,0,2,10.0,1,0,311.96,137344827307
PreFlop,BenaBadBeat,5.0,false,0,0,1,2.0,0,0,242.5,137344895089
River,kay82_ps,73.0,true,3,316.96,1,2.0,3,3,321.96,137344931780
PreFlop,kay82_ps,7.0,false,0,0,1,2.0,1,0,356.16,137345063275
PreFlop,SoNe1988,5.0,true,0,0,1,2.0,0,0,200.0,137345138206
PreFlop,BenaBadBeat,5.0,false,0,0,1,2.0,0,0,245.5,137345102637
PreFlop,inthestretch,5.0,false,0,0,1,2.0,0,0,85.44,137345180872
PreFlop,inthestretch,5.0,false,0,0,1,2.0,0,0,73.44,137345748608
Flop,erfk1958,17.0,false,1,6.0,1,2.0,2,0,59.02,137345806409
PreFlop,bigacsiga,5.0,true,0,0,1,2.0,0,0,200.0,137345834352
Turn,espher,13.56,false,1,3.78,1,3.78,2,5,145.01,137345861918
PreFlop,Igoriah,2.0,false,0,0,0,0,0,0,197.0,137345933465
River,BenaBadBeat,11.0,false,0,0,1,2.0,1,6,253.4,137345948683
Flop,Igoriah,9.0,true,1,5.0,1,2.0,1,1,197.0,137345985478
Flop,Igoriah,18.0,false,1,12.0,1,2.0,2,1,201.6,137346025366
PreFlop,bigacsiga,2.0,false,0,0,0,0,0,0,203.0,137346062106
PreFlop,erfk1958,2.0,false,0,0,0,0,0,0,66.26,137346093659
Turn,espher,21.0,false,2,16.0,1,2.0,2,2,149.18,137346110161
River,VinQbator,11.0,false,0,0,1,2.0,1,6,200.0,137346177441
Flop,techitch13,35.0,false,1,21.72,2,7.0,1,0,200.0,137346253887
River,VinQbator,326.48,true,1,31.51,4,101.53,3,1,200.0,137346341798
PreFlop,techitch13,5.0,true,0,0,1,2.0,0,0,215.42,137346453270
River,Igoriah,18.0,true,2,14.0,1,2.0,2,4,210.79,137346490919
Flop,inthestretch,13.0,true,1,12.42,1,2.0,1,1,55.44,137346570395
PreFlop,Igoriah,5.0,false,0,0,1,2.0,0,0,219.98,137346649685
PreFlop,SoNe1988,5.0,false,0,0,1,2.0,0,0,220.35,137346821192
PreFlop,inthestretch,5.0,false,0,0,1,2.0,0,0,62.86,137346793494
Flop,SoNe1988,21.0,false,1,13.0,1,2.0,2,2,206.29,137346683794
River,inthestretch,5.0,false,1,4.78,0,0,1,6,65.86,137346835942
River,inthestretch,137.28,false,2,34.22,3,36.22,3,1,68.64,137346896424
River,Nnevil,71.0,false,2,29.0,1,2.0,3,4,194.0,137346968456
Turn,Nnevil,57.32,false,2,21.16,2,16.0,2,2,227.2,137347047892
PreFlop,inthestretch,5.0,false,0,0,1,2.0,0,0,105.32,137347132777
PreFlop,erfk1958,2.0,false,0,0,0,0,0,0,63.26,137347182049
PreFlop,techitch13,5.0,false,0,0,1,2.0,0,0,217.42,137347218654
PreFlop,techitch13,5.0,false,0,0,1,2.0,0,0,220.42,137347237235
Turn,BenaBadBeat,71.76,true,2,54.230000000000004,2,7.0,2,2,214.9,137347280259
PreFlop,Igoriah,2.0,false,0,0,0,0,0,0,200.0,137347357858
River,inthestretch,23.0,false,1,6.0,1,2.0,2,5,108.32,137347386712
PreFlop,BenaBadBeat,5.0,true,0,0,1,2.0,0,0,284.48,137347712210
PreFlop,Igoriah,19.0,false,0,0,2,10.0,1,0,200.0,137347759192
PreFlop,inthestretch,9.04,false,0,0,2,6.02,0,0,116.28,137347809914
PreFlop,VinQbator,39.0,false,0,0,3,26.0,0,0,322.76,137347842546
River,inthestretch,21.04,true,2,8.02,0,0,3,3,120.3,137347905250
PreFlop,inthestretch,5.0,false,0,0,1,2.0,0,0,130.37,137347940386
PreFlop,BenaBadBeat,5.0,false,0,0,1,2.0,0,0,287.48,137347965357
Flop,bigacsiga,15.0,true,1,9.0,1,2.0,1,1,202.5,137347995040
PreFlop,techitch13,2.0,false,0,0,0,0,0,0,200.0,137348059088
Turn,erfk1958,27.0,false,1,25.78,2,6.0,1,2,51.12,137348077372
River,techitch13,27.12,true,1,186.94,2,6.02,1,5,200.0,137348111879
PreFlop,Igoriah,5.0,true,0,0,1,2.0,0,0,207.0,137348163754
PreFlop,SoNe1988,4.0,false,0,0,1,2.0,0,0,200.0,137348194908
Turn,inthestretch,31.0,false,1,29.6,2,8.0,1,2,119.31,137348212734
River,inthestretch,14.56,false,2,11.73,0,0,2,5,134.91,137348266138
River,Igoriah,13.0,false,1,10.0,1,2.0,1,4,210.0,137348311192
PreFlop,bigacsiga,5.0,false,0,0,1,2.0,0,0,207.82,137348355296
PreFlop,SoNe1988,5.0,false,0,0,1,2.0,0,0,203.0,137348412121
PreFlop,SoNe1988,5.0,false,0,0,1,2.0,0,0,200.0,137348386997
Turn,inthestretch,9.0,false,1,4.3,1,2.0,1,2,142.03,137348432579
PreFlop,techitch13,15.0,false,0,0,2,8.0,0,0,209.84,137348480861
PreFlop,inthestretch,5.0,false,0,0,1,2.0,0,0,125.63,137348583653
PreFlop,Rojocapo1987,63.0,false,0,0,3,29.0,1,0,200.0,137348520015
PreFlop,erfk1958,2.0,false,0,0,0,0,0,0,53.12,137348609103
PreFlop,erfk1958,4.0,false,0,0,1,2.0,0,0,54.12,137348644858
Turn,BenaBadBeat,115.24,true,1,42.12,2,6.0,2,2,269.48,137348711937
PreFlop,bigacsiga,21.06,false,0,0,2,8.02,1,0,207.82,137348669892
PreFlop,BenaBadBeat,5.0,false,0,0,1,2.0,0,0,325.8,137348746957
PreFlop,RAidakCo,2.0,false,0,0,0,0,0,0,200.0,137348852328
River,inthestretch,264.22,false,0,0,4,125.0,4,0,122.61,137348772095
Flop,erfk1958,10.0,false,1,6.0,1,2.0,1,1,82.86,137348900752
PreFlop,BenaBadBeat,5.0,false,0,0,1,2.0,0,0,322.8,137348871263
Flop,Nnevil,10.28,true,1,5.5,1,2.0,1,1,228.48,137348944589
River,bigacsiga,96.0,true,0,0,3,28.0,2,6,216.72,137348995424
PreFlop,SoNe1988,5.0,false,0,0,1,2.0,0,0,202.0,137349436488
Flop,s04ja,33.0,false,1,20.0,2,7.0,3,2,223.31,137349459561
Flop,s04ja,5.0,false,1,6.0,0,0,1,2,244.83,137349521531
Flop,Nnevil,25.18,false,1,7.11,2,9.11,1,1,232.76,137349569044
River,s04ja,38.92,false,2,25.46,1,2.0,3,3,247.61,137349620012
PreFlop,erfk1958,18.0,false,0,0,2,9.0,1,0,76.0,137349674807
PreFlop,Nnevil,5.0,false,0,0,1,2.0,0,0,238.22,137349698620
River,Igoriah,73.0,false,1,18.0,2,7.0,2,5,198.0,137349716668
Turn,s04ja,12.0,false,1,8.0,1,2.0,1,2,230.32,137349768367
River,Igoriah,31.0,false,0,0,2,6.0,1,6,234.2,137349811661
PreFlop,Nnevil,4.0,false,0,0,1,2.0,0,0,239.22,137349861527
PreFlop,maverik676,5.0,false,0,0,1,2.0,0,0,194.0,137349882782
River,Nnevil,66.22,false,2,63.11,1,2.0,4,6,241.22,137349908886
PreFlop,Igoriah,2.0,false,0,0,0,0,0,0,249.8,137349990590
PreFlop,s04ja,4.0,false,0,0,1,2.0,0,0,223.78,137350062632
Turn,BenaBadBeat,11.0,true,1,7.35,1,2.0,1,3,266.8,137350010922
PreFlop,maverik676,2.0,false,0,0,0,0,0,0,197.0,137350087829
Flop,Rojocapo1987,21.0,true,1,11.03,1,2.0,2,1,231.0,137350100634
River,SoNe1988,43.0,true,2,12.0,1,2.0,4,2,200.0,137350292120
River,Igoriah,31.76,false,3,33.88,0,0,5,2,236.61,137350342580
River,erfk1958,45.0,false,3,18.0,1,2.0,4,0,44.48,137350397192
River,Rojocapo1987,190.34,false,2,76.67,2,7.0,3,2,256.93,137350472274
PreFlop,Igoriah,5.0,false,0,0,1,2.0,0,0,252.06,137350564246
PreFlop,SoNe1988,5.0,false,0,0,1,2.0,0,0,221.06,137350595954
PreFlop,s04ja,5.0,false,0,0,1,2.0,0,0,164.78,137350628051
PreFlop,bigacsiga,5.0,false,0,0,1,2.0,0,0,273.93,137350698442
PreFlop,maverik676,37.0,false,0,0,3,21.0,0,0,194.0,137350652142
PreFlop,SoNe1988,11.28,true,0,0,2,6.14,0,0,221.06,137350718056
PreFlop,erfk1958,5.0,true,0,0,1,2.0,0,0,62.46,137350749448
Flop,Nnevil,21.0,false,1,11.23,1,2.0,3,2,269.39,137350795438
PreFlop,Nnevil,5.0,false,0,0,1,2.0,0,0,284.45,137350850273
River,erfk1958,19.0,false,1,4.0,1,2.0,2,4,65.46,137350898173
Flop,SoNe1988,29.38,false,1,8.19,2,10.19,1,1,228.2,137350967476
River,BenaBadBeat,47.0,false,2,18.0,1,2.0,3,3,200.0,137351073368
PreFlop,BenaBadBeat,2.0,false,0,0,0,0,0,0,221.88,137351190580
Flop,bigacsiga,11.0,false,1,7.0,1,2.0,1,1,274.93,137351164621
River,Igoriah,21.0,false,2,20.0,1,2.0,2,2,244.06,137351200857
River,Igoriah,31.28,false,2,11.64,1,2.0,3,3,254.12,137351232539
PreFlop,Rojocapo1987,12.0,false,0,0,2,6.0,1,0,317.61,137351275047
River,SoNe1988,27.0,false,1,7.0,1,2.0,2,4,219.07,137351312647
PreFlop,Igoriah,5.0,false,0,0,1,2.0,0,0,261.9,137351583970
River,erfk1958,52.38,false,1,17.19,1,2.0,3,6,54.6,137351611506
PreFlop,Igoriah,2.0,false,0,0,0,0,0,0,264.9,137351661486
Flop,s04ja,17.0,false,1,16.24,2,7.0,1,0,112.96,137351670143
River,erfk1958,31.9,false,1,7.95,1,2.0,4,7,81.43,137351692296
River,bigacsiga,6.0,false,0,0,0,0,2,10,279.43,137351736282
River,BenaBadBeat,77.0,false,2,45.0,2,7.0,2,3,200.0,137351787219
Flop,bigacsiga,9.0,true,1,6.0,1,2.0,1,1,282.16,137351838586
PreFlop,Rojocapo1987,11.0,false,0,0,2,6.0,0,0,318.61,137351874098
PreFlop,erfk1958,17.0,true,0,0,2,9.0,0,0,94.94,137351903570
Flop,s04ja,13.0,false,1,12.42,1,2.0,1,0,111.2,137351937906
River,Rojocapo1987,15.0,false,1,9.45,1,2.0,2,7,318.61,137352009777
PreFlop,Igoriah,11.0,false,0,0,2,6.0,0,0,224.9,137352056997
PreFlop,caaal_meee!,5.0,false,0,0,1,2.0,0,0,200.0,137352088652
PreFlop,mentalpshyco,5.0,false,0,0,1,2.0,0,0,200.0,137352290517
PreFlop,YaDaDaMeeN21,5.0,false,0,0,1,2.0,0,0,200.0,137352301793
PreFlop,dh7889,5.0,false,0,0,1,2.0,0,0,201.0,137352336428
Turn,Pokermopar51,9.0,false,1,4.3,1,2.0,1,2,125.86,137352355179
River,YaDaDaMeeN21,12.0,false,1,4.0,0,0,2,6,203.0,137352382648
River,erfk1958,11.0,false,0,0,1,2.0,1,6,94.94,137352437242
PreFlop,manic12,5.0,false,0,0,1,2.0,0,0,201.25,137352469059
River,Pokermopar51,35.0,false,2,41.42,1,2.0,3,3,124.46,137352495666
Turn,pardama,97.0,false,2,58.0,2,8.0,3,2,200.0,137352545387
Turn,Pokermopar51,15.0,false,1,7.16,1,2.0,2,2,135.88,137352614534
Flop,Pokermopar51,12.84,false,1,6.13,1,2.0,2,1,144.2,137352656304
River,Pokermopar51,29.32,false,1,7.16,1,2.0,2,5,169.29,137352772840
River,YaDaDaMeeN21,11.64,false,2,11.82,0,0,2,4,207.46,137352681436
Flop,Pokermopar51,46.0,true,1,21.96,2,6.0,2,1,146.36,137352720978
PreFlop,YaDaDaMeeN21,5.0,true,0,0,1,2.0,0,0,208.76,137352753942
PreFlop,dh7889,4.0,false,0,0,1,2.0,0,0,200.0,137352800930
River,Pokermopar51,101.9,false,2,30.15,2,12.16,5,4,184.13,137352818903
Turn,Pokermopar51,17.0,false,1,8.12,1,2.0,2,2,236.16,137352864520
River,manic12,19.54,true,1,4.77,1,2.0,2,4,231.39,137352918200
River,manic12,64.38,false,1,16.19,2,6.0,2,4,200.0,137352887180
River,CRAZY_YEHOOO,10.0,false,1,7.0,1,2.0,1,5,200.0,137352938919
PreFlop,pardama,37.0,false,0,0,3,23.0,0,0,200.13,137353006682
River,Rafaello18,46.5,false,3,48.35,1,2.0,3,3,200.0,134537529193
PreFlop,g00000se,5.0,false,0,0,1,2.0,0,0,208.32,134537548436
PreFlop,tobe4funas,5.0,false,0,0,1,2.0,0,0,200.1,134537556055
PreFlop,tobe4funas,5.0,false,0,0,1,2.0,0,0,203.1,134537567694
PreFlop,Kreuznagel,5.0,false,0,0,1,2.0,0,0,200.0,134537579847
PreFlop,Rafaello18,9.0,false,0,0,2,6.0,0,0,221.66,134537593491
PreFlop,EsKoTeiRo,2.0,false,0,0,0,0,0,0,200.0,134537622568
PreFlop,Rafaello18,5.0,false,0,0,1,2.0,0,0,225.66,134537627222
PreFlop,shyne1991,5.0,false,0,0,1,2.0,0,0,42.0,134537635830
PreFlop,Kreuznagel,5.0,true,0,0,1,2.0,0,0,200.0,134537641110
PreFlop,g00000se,2.0,false,0,0,0,0,0,0,200.32,134537666478
Flop,TideHan,15.0,false,1,9.45,1,2.0,1,0,207.88,134537677354
PreFlop,g00000se,5.0,true,0,0,1,2.0,0,0,200.32,134537693032
PreFlop,EsKoTeiRo,2.0,false,0,0,0,0,0,0,200.0,134537703314
PreFlop,TideHan,2.0,false,0,0,0,0,0,0,216.2,134537737140
PreFlop,Kreuznagel,5.0,true,0,0,1,2.0,0,0,200.0,134537747950
PreFlop,EsKoTeiRo,5.0,false,0,0,1,2.0,0,0,200.0,134537755998
PreFlop,Kreuznagel,5.0,false,0,0,1,2.0,0,0,206.0,134537784654
PreFlop,Kreuznagel,5.0,false,0,0,1,2.0,0,0,203.0,134537776299
Flop,HerrJanks,18.0,false,1,25.0,1,2.0,2,0,200.0,134537806640
PreFlop,EsKoTeiRo,5.0,false,0,0,1,2.0,0,0,200.0,134537795617
PreFlop,TideHan,2.0,false,0,0,0,0,0,0,216.2,134537831074
PreFlop,shyne1991,2.0,false,0,0,0,0,0,0,25.0,134537842465
River,g00000se,12.0,false,0,0,1,2.0,1,6,200.32,134537860848
River,EsKoTeiRo,29.0,false,2,32.0,1,2.0,2,4,200.0,134537881427
Turn,EsKoTeiRo,15.0,false,1,12.0,1,2.0,1,2,213.7,134537915758
PreFlop,g00000se,5.0,true,0,0,1,2.0,0,0,200.0,134537931066
PreFlop,EsKoTeiRo,2.0,false,0,0,0,0,0,0,222.02,134537968190
River,Kreuznagel,45.0,false,0,0,2,8.0,1,0,206.0,134537945167
PreFlop,Rafaello18,5.0,false,0,0,1,2.0,0,0,219.66,134537990001
PreFlop,EsKoTeiRo,5.0,false,0,0,1,2.0,0,0,225.02,134538010397
PreFlop,EsKoTeiRo,5.0,false,0,0,1,2.0,0,0,222.02,134538000376
PreFlop,EsKoTeiRo,5.0,false,0,0,1,2.0,0,0,231.02,134538036151
PreFlop,EsKoTeiRo,5.0,false,0,0,1,2.0,0,0,228.02,134538023147
PreFlop,HerrJanks,2.0,false,0,0,0,0,0,0,206.19,134538045128
Turn,EsKoTeiRo,13.0,true,1,8.0,1,2.0,1,3,231.02,134538076567
PreFlop,Kreuznagel,2.0,false,0,0,0,0,0,0,218.98,134538068907
PreFlop,EsKoTeiRo,5.0,false,0,0,1,2.0,0,0,238.44,134538092688
River,Kreuznagel,103.0,false,2,44.0,1,2.0,3,2,218.98,134538114312
PreFlop,TideHan,5.0,false,0,0,1,2.0,0,0,210.2,134538138447
PreFlop,Rafaello18,15.0,false,0,0,2,8.0,0,0,216.66,134538155264
River,HerrJanks,15.0,false,1,10.0,1,2.0,1,4,203.0,134538197789
River,Shawn106,30.38,false,1,8.69,1,2.0,2,5,200.0,134538225120
PreFlop,EsKoTeiRo,5.0,false,0,0,1,2.0,0,0,200.0,134538248494
PreFlop,TideHan,5.0,false,0,0,1,2.0,0,0,210.2,134538262391
PreFlop,TideHan,5.0,false,0,0,1,2.0,0,0,213.2,134538272363
River,Rafaello18,105.7,false,3,48.35,1,2.0,4,3,222.66,134538282570
Flop,Peu3aHy,15.0,false,1,8.0,1,2.0,2,1,203.16,134538304176
River,HerrJanks,149.0,false,0,0,3,33.0,2,0,208.32,134538323638
Flop,TideHan,21.0,false,1,14.0,1,2.0,2,1,213.2,134538380070
PreFlop,Rafaello18,5.0,false,0,0,1,2.0,0,0,273.21,134538406476
Flop,Rafaello18,17.0,false,1,10.82,1,2.0,2,1,276.21,134538424919
PreFlop,TideHan,14.0,false,0,0,2,8.0,0,0,225.26,134538443781
PreFlop,Peu3aHy,5.0,false,0,0,1,2.0,0,0,205.35,134538462793
PreFlop,Rafaello18,4.0,false,0,0,1,2.0,0,0,283.45,134538500135
PreFlop,Peu3aHy,5.0,false,0,0,1,2.0,0,0,208.35,134538478104
PreFlop,Kreuznagel,5.0,false,0,0,1,2.0,0,0,200.0,134538510072
Turn,shyne1991,5.0,false,1,4.78,0,0,1,4,63.86,134538516807
PreFlop,HerrJanks,5.0,false,0,0,1,2.0,0,0,277.52,134538564540
Flop,shyne1991,27.0,false,1,6.0,2,8.0,2,1,66.64,134538541447
PreFlop,Peu3aHy,5.0,false,0,0,1,2.0,0,0,200.0,134538575484
Flop,Rafaello18,11.64,false,1,3.82,1,3.82,1,1,285.45,134538586009
Turn,Peu3aHy,18.0,false,2,20.0,0,0,3,1,224.93,134538660063
River,Peu3aHy,46.0,false,2,186.73,1,5.73,3,6,203.0,134538620635
PreFlop,flk.Dasas,2.0,false,0,0,0,0,0,0,200.0,134538676796
River,Kreuznagel,128.52,false,3,131.76,2,9.0,3,1,200.0,134538690680
PreFlop,flk.Dasas,5.0,true,0,0,1,2.0,0,0,200.0,134538746779
River,HerrJanks,25.0,false,1,6.0,1,2.0,2,5,213.76,134538763647
PreFlop,Shawn106,2.0,false,0,0,0,0,0,0,201.5,134538800701
Flop,TideHan,15.0,false,1,9.45,1,2.0,1,1,227.26,134538811688
PreFlop,Peu3aHy,2.0,false,0,0,0,0,0,0,234.12,134538833280
PreFlop,HerrJanks,2.0,false,0,0,0,0,0,0,225.64,134538845695
PreFlop,Kreuznagel,5.0,false,0,0,1,2.0,0,0,254.96,134538862311
PreFlop,HerrJanks,5.0,true,0,0,1,2.0,0,0,225.64,134538872782
Turn,flk.Dasas,31.0,true,2,24.58,1,2.0,2,1,200.0,134538887242
PreFlop,Rafaello18,5.0,false,0,0,1,2.0,0,0,285.75,134538925871
PreFlop,Peu3aHy,5.0,false,0,0,1,2.0,0,0,234.12,134538938083
PreFlop,Kreuznagel,5.0,false,0,0,1,2.0,0,0,254.96,134538951668
River,shyne1991,63.84,false,0,0,2,9.0,1,0,31.42,134538961042
PreFlop,flk.Dasas,2.0,false,0,0,0,0,0,0,215.6,134539009259
PreFlop,Kreuznagel,2.0,false,0,0,0,0,0,0,257.96,134539030284
PreFlop,HerrJanks,11.0,false,0,0,2,6.0,0,0,211.64,134539049692
Turn,Rafaello18,60.5,false,2,43.76,3,22.25,2,1,230.33,134539134924
PreFlop,Rolcia1981,5.0,false,0,0,1,2.0,0,0,92.09,134539172098
Flop,Rafaello18,17.0,false,1,10.82,1,2.0,2,0,259.36,134539191354
PreFlop,Kreuznagel,5.0,false,0,0,1,2.0,0,0,257.96,134539215090
PreFlop,Rafaello18,5.0,true,0,0,1,2.0,0,0,266.6,134539238534
River,shyne1991,47.0,false,1,14.0,1,2.0,3,5,58.04,134539284165
PreFlop,Kreuznagel,5.0,false,0,0,1,2.0,0,0,257.96,134539362426
Flop,Rolcia1981,14.0,false,1,8.0,1,2.0,1,1,62.09,134539336980
PreFlop,Shawn106,2.0,false,0,0,0,0,0,0,200.0,134539379007
Turn,Rolcia1981,13.0,false,1,6.0,1,2.0,3,3,69.46,134539413612
Turn,Rolcia1981,18.0,false,1,8.0,1,2.0,2,2,77.88,134539448278
PreFlop,Filojoes,14.0,false,0,0,2,8.0,0,0,200.0,134539487915
PreFlop,Filojoes,5.0,true,0,0,1,2.0,0,0,208.0,134539508213
River,Shawn106,117.0,false,3,105.1,1,2.0,4,1,200.0,134539522744
River,shyne1991,37.0,false,1,17.67,2,6.0,2,6,65.92,134539556381
PreFlop,Kreuznagel,5.0,false,0,0,1,2.0,0,0,257.96,134539593452
River,Kreuznagel,195.52,false,2,32.06,2,28.06,7,7,260.96,134539601081
Flop,Filojoes,14.0,false,1,8.02,1,2.0,1,1,207.0,134539653175
PreFlop,Kreuznagel,5.0,false,0,0,1,2.0,0,0,269.06,134539692224
PreFlop,flk.Dasas,4.0,false,0,0,1,2.0,0,0,207.6,134539702943
PreFlop,shyne1991,67.0,false,0,0,3,34.0,2,0,96.36,134539721861
River,shyne1991,39.32,false,1,10.16,1,2.0,3,6,139.36,134539769428
PreFlop,flk.Dasas,15.0,false,0,0,2,8.0,0,0,200.0,134539823326
PreFlop,Filojoes,5.0,false,0,0,1,2.0,0,0,200.0,134539858709
PreFlop,Rafaello18,9.0,false,0,0,2,6.0,0,0,266.6,134539877896
PreFlop,Rafaello18,4.0,false,0,0,1,2.0,0,0,271.6,134539903163
PreFlop,Filojoes,2.0,false,0,0,0,0,0,0,203.0,134539911472
Flop,Rafaello18,15.0,false,1,9.54,1,2.0,1,1,273.6,134539928110
River,flk.Dasas,70.36,false,1,18.18,2,6.0,2,4,207.0,134539953464
PreFlop,flk.Dasas,5.0,true,0,0,1,2.0,0,0,240.38,134540007340
PreFlop,TideHan,5.0,true,0,0,1,2.0,0,0,220.02,134540048091
PreFlop,TideHan,10.88,false,0,0,2,6.44,0,0,213.58,134540022994
PreFlop,TideHan,15.0,false,0,0,2,8.0,0,0,223.02,134540064642
PreFlop,Rolcia1981,4.0,false,0,0,1,2.0,0,0,37.07,134540089901
PreFlop,Kreuznagel,2.0,false,0,0,0,0,0,0,254.06,134540139581
River,flk.Dasas,46.04,false,2,18.02,1,2.0,3,2,238.94,134540105394
PreFlop,flk.Dasas,5.0,true,0,0,1,2.0,0,0,258.89,134540151120
PreFlop,Kreuznagel,5.0,false,0,0,1,2.0,0,0,296.26,134540234404
Turn,Kreuznagel,87.0,true,2,82.0,2,6.44,2,2,254.06,134540169787
PreFlop,Filojoes,2.0,false,0,0,0,0,0,0,200.0,134540298418
PreFlop,Kreuznagel,5.0,false,0,0,1,2.0,0,0,299.26,134540287726
PreFlop,TideHan,5.0,false,0,0,1,2.0,0,0,229.02,134540255508
PreFlop,Kreuznagel,2.0,false,0,0,0,0,0,0,302.26,134540306649
PreFlop,Shawn106,5.0,false,0,0,1,2.0,0,0,226.2,134540454952
River,Filojoes,75.14,false,1,30.0,1,2.0,3,1,203.42,134540476788
PreFlop,J0k3rF4c3_FD,5.0,true,0,0,1,2.0,0,0,200.0,134540497760
PreFlop,KidRiverss,5.0,false,0,0,1,2.0,0,0,80.0,134351939856
Flop,KidRiverss,11.0,false,1,5.25,1,2.0,1,1,83.0,134351970554
Flop,4getDa$,19.0,false,1,9.43,1,2.0,2,1,200.0,134352201196
PreFlop,Zockermicha,4.0,false,0,0,1,2.0,0,0,200.0,134352348614
PreFlop,Zockermicha,5.0,false,0,0,1,2.0,0,0,200.0,134352544797
Flop,FakieThis,11.0,false,1,7.0,1,2.0,1,1,213.26,134352571049
River,mojitos86,26.0,false,2,19.0,1,2.0,2,3,104.58,134352619469
PreFlop,SpainT9,5.0,false,0,0,1,2.0,0,0,200.0,134352733740
PreFlop,Zockermicha,5.0,false,0,0,1,2.0,0,0,209.0,134352810315
PreFlop,Zockermicha,15.0,false,0,0,2,8.0,0,0,200.0,134352759712
PreFlop,MrChiffo,5.0,true,0,0,1,2.0,0,0,200.0,134352843994
Flop,mojitos86,33.0,false,1,16.0,2,8.0,1,0,115.41,134352957897
PreFlop,Predators999,2.0,false,0,0,0,0,0,0,200.0,134353410766
Flop,Zockermicha,15.0,false,1,9.02,1,2.0,1,0,200.0,134353359535
PreFlop,Predators999,4.0,false,0,0,1,2.0,0,0,201.0,134353434773
PreFlop,Predators999,5.0,true,0,0,1,2.0,0,0,203.0,134353495785
PreFlop,MrChiffo,5.0,false,0,0,1,2.0,0,0,200.0,134353525985
PreFlop,Predators999,5.0,false,0,0,1,2.0,0,0,206.0,134353551623
PreFlop,DecimusMax,5.0,false,0,0,1,2.0,0,0,197.0,134353588452
PreFlop,mojitos86,5.0,false,0,0,1,2.0,0,0,112.88,134353620944
Flop,Zockermicha,81.0,false,1,5.0,4,59.0,1,0,205.32,134353656432
River,DecimusMax,11.0,false,1,6.0,1,2.0,1,4,200.0,134353769923
Turn,DecimusMax,33.0,true,2,32.0,1,2.0,3,3,201.5,134353899618
PreFlop,4getDa$,5.0,false,0,0,1,2.0,0,0,205.72,134354049991
PreFlop,FakieThis,2.0,false,0,0,0,0,0,0,211.59,134354097665
PreFlop,Predators999,5.0,false,0,0,1,2.0,0,0,201.0,134354120190
PreFlop,4getDa$,4.0,false,0,0,1,2.0,0,0,206.72,134354142985
PreFlop,Xagua,15.0,false,0,0,2,8.0,0,0,74.0,134354188283
Flop,Predators999,67.0,false,1,9.0,3,37.0,2,1,204.0,134354225255
PreFlop,Predators999,14.0,false,0,0,2,8.0,0,0,237.2,134354317719
Turn,mojitos86,12.12,false,1,6.0,1,2.0,2,3,106.88,134354356111
PreFlop,mojitos86,5.0,true,0,0,1,2.0,0,0,114.41,134354408057
River,Jafeeio,48.4,false,2,20.0,1,2.0,3,4,200.0,134354467605
PreFlop,Predators999,38.0,false,0,0,3,26.0,0,0,241.16,134354517891
PreFlop,4getDa$,12.0,false,0,0,2,7.0,0,0,200.72,134354573867
PreFlop,mojitos86,5.0,true,0,0,1,2.0,0,0,115.41,134354761353
PreFlop,mojitos86,4.0,false,0,0,1,2.0,0,0,113.41,134354708264
River,Zockermicha,81.06,true,2,32.53,1,2.0,5,6,200.0,134354805720
Flop,Xagua,13.0,false,1,8.0,1,2.0,1,0,69.0,134355031768
Flop,Predators999,73.0,false,1,43.0,2,7.0,4,1,258.16,134354915066
Flop,mojitos86,15.0,false,1,10.0,1,2.0,1,0,96.41,134355077827
PreFlop,Zockermicha,5.0,false,0,0,1,2.0,0,0,241.73,134355131491
PreFlop,mojitos86,5.0,false,0,0,1,2.0,0,0,104.73,134355160511
Turn,Xagua,16.0,false,1,6.0,1,2.0,2,4,76.42,134355190631
Flop,mojitos86,24.0,false,1,6.0,2,8.0,1,1,102.73,134355255987
Turn,DecimusMax,12.0,false,1,7.0,1,2.0,1,3,204.02,134355385486
Flop,Xagua,11.0,true,1,6.0,1,2.0,1,1,79.7,134355463683
Flop,Jafeeio,10.0,false,1,7.0,1,2.0,1,0,200.0,134355543363
PreFlop,4getDa$,4.0,false,0,0,1,2.0,0,0,200.0,134355600459
Flop,mojitos86,11.0,false,1,6.0,1,2.0,1,0,114.65,134355643604
River,4getDa$,162.0,false,2,173.0,2,8.0,4,3,200.0,134355705578
PreFlop,4getDa$,13.0,false,0,0,2,7.0,0,0,292.2,134355841558
Turn,Predators999,9.08,true,1,5.0,1,2.0,1,3,235.36,134355911013
Flop,Zockermicha,8.0,false,1,4.81,1,2.0,1,0,237.69,134355978527
River,mojitos86,66.76,false,1,16.88,2,8.0,2,4,118.15,134356035115
Flop,Predators999,35.0,false,1,10.0,2,12.0,1,0,239.99,134356118881
Flop,DecimusMax,15.0,false,1,6.0,1,2.0,1,1,191.48,134356196084
PreFlop,Vyferka,11.0,false,0,0,2,6.0,0,0,200.0,134356246895
PreFlop,DecimusMax,36.0,false,0,0,3,26.0,0,0,193.8,134356349210
Flop,4getDa$,14.0,false,1,8.28,1,2.0,1,1,297.2,134356465555
PreFlop,Xagua,5.0,false,0,0,1,2.0,0,0,75.2,134356415989
River,Xagua,163.4,false,0,0,2,8.0,2,0,78.2,134356521406
Flop,mojitos86,20.0,false,1,10.0,1,2.0,2,1,137.23,134356566847
Turn,Vyferka,12.0,false,1,8.42,1,2.0,1,2,200.0,134356621876
PreFlop,mojitos86,5.0,false,0,0,1,2.0,0,0,150.33,134356753470
Flop,Xagua,13.0,false,1,8.0,1,2.0,1,1,154.6,134356683362
PreFlop,Vyferka,5.0,false,0,0,1,2.0,0,0,206.46,134356819604
PreFlop,Predators999,5.0,false,0,0,1,2.0,0,0,228.41,134356788017
PreFlop,Zockermicha,2.0,false,0,0,0,0,0,0,232.33,134356953726
River,Jafeeio,408.0,false,0,0,4,66.0,2,0,200.0,134356856423
PreFlop,4getDa$,5.0,false,0,0,1,2.0,0,0,318.55,134357091605
Turn,4getDa$,45.0,false,2,15.0,2,10.0,2,2,296.57,134356989863
PreFlop,Vyferka,14.0,false,0,0,2,8.0,0,0,207.46,134357121086
Flop,Predators999,15.0,false,1,8.0,1,2.0,1,0,228.41,134357165616
PreFlop,Jafeeio,13.0,true,0,0,2,7.0,0,0,200.0,134357259407
Flop,DecimusMax,31.0,false,1,10.0,2,7.0,1,0,190.4,134357352423
Flop,Zockermicha,13.0,false,1,7.82,1,2.0,1,1,226.33,134357437113
Flop,Zockermicha,29.0,false,1,8.0,2,10.0,1,1,232.75,134357490298
Turn,Vyferka,9.0,false,1,4.0,1,2.0,1,2,200.0,134357636865
Flop,mojitos86,27.0,true,1,12.0,2,7.0,1,1,143.33,134357568569
PreFlop,Zockermicha,14.0,false,0,0,2,7.5,0,0,241.45,134357686486
Flop,Zockermicha,15.0,false,1,9.02,1,2.0,1,0,249.95,134357743028
PreFlop,Xagua,5.0,false,0,0,1,2.0,0,0,141.02,134357779469
Flop,Vyferka,15.0,false,1,8.0,1,2.0,1,0,200.0,134357799696
Flop,mojitos86,17.0,false,1,4.0,2,6.0,1,1,151.61,134357839080
PreFlop,Zockermicha,2.0,false,0,0,0,0,0,0,258.27,134357907511
PreFlop,Predators999,5.0,false,0,0,1,2.0,0,0,233.73,134357948342
PreFlop,DecimusMax,5.0,false,0,0,1,2.0,0,0,193.0,134357986221
PreFlop,Jafeeio,2.0,false,0,0,0,0,0,0,200.0,134358011576
PreFlop,Xagua,5.0,false,0,0,1,2.0,0,0,141.02,134358026980
PreFlop,Xagua,5.0,false,0,0,1,2.0,0,0,144.02,134358062839
PreFlop,Zockermicha,5.0,false,0,0,1,2.0,0,0,258.27,134358093679
PreFlop,Vyferka,5.0,false,0,0,1,2.0,0,0,205.32,134358130009
Flop,Igoriah,23.0,false,1,12.0,1,2.0,1,0,200.0,134358187057
Flop,Vyferka,18.0,false,1,10.0,1,2.0,3,0,208.32,134358252027
River,Zockermicha,28.64,false,2,27.51,1,2.0,2,4,258.27,134358304821
Turn,ALLINBOJO,57.96,false,2,69.67,1,2.0,4,2,182.0,134358390898
Flop,DecimusMax,14.0,false,1,10.0,1,2.0,2,1,193.0,134358488482
PreFlop,Xagua,2.0,false,0,0,0,0,0,0,143.02,134358649626
River,ALLINBOJO,5.0,false,0,0,0,0,1,7,211.03,134358587051
PreFlop,Zockermicha,5.0,false,0,0,1,2.0,0,0,268.8,134358750103
PreFlop,Igoriah,5.0,false,0,0,1,2.0,0,0,200.0,134358715989
PreFlop,Vyferka,2.0,false,0,0,0,0,0,0,200.0,134358692701
PreFlop,Xagua,5.0,false,0,0,1,2.0,0,0,143.02,134358880797
PreFlop,DecimusMax,2.0,false,0,0,0,0,0,0,201.37,134358843168
PreFlop,Predators999,5.0,true,0,0,1,2.0,0,0,230.73,134358981619
River,Vyferka,75.0,false,2,30.0,1,2.0,3,2,200.0,134358907838
River,Zockermicha,292.04,false,1,7.22,3,41.22,2,0,269.8,134359028763
PreFlop,uonlylive1ce,2.0,false,0,0,0,0,0,0,210.06,134359095532
River,Igoriah,35.8,false,3,38.4,0,0,4,1,200.0,134359131270
PreFlop,Igoriah,4.0,false,0,0,1,2.0,0,0,217.79,134359185083
River,Igoriah,148.0,true,2,49.46,2,13.46,3,3,219.79,134359220774
PreFlop,uonlylive1ce,37.0,false,0,0,3,26.0,0,0,210.06,134359296636
PreFlop,DecimusMax,5.0,true,0,0,1,2.0,0,0,197.0,134359383006
PreFlop,matiko09,2.0,false,0,0,0,0,0,0,200.0,134359403645
PreFlop,Vyferka,2.0,false,0,0,0,0,0,0,235.2,134359426876
Turn,Igoriah,9.68,false,1,7.0,1,2.0,1,2,291.99,134359450795
PreFlop,Vyferka,5.0,false,0,0,1,2.0,0,0,222.2,134359578787
PreFlop,Igoriah,5.0,false,0,0,1,2.0,0,0,295.89,134359666520
Flop,Fathead27,24.0,false,1,18.0,1,2.0,4,0,200.0,134359719079
Flop,LiftGrind,19.0,false,1,11.97,1,2.0,3,2,200.0,134359783891
River,Zockermicha,45.62,true,3,49.68000000000001,1,2.0,3,3,403.02,134359852299
PreFlop,DecimusMax,5.0,false,0,0,1,2.0,0,0,211.7,134359947397
PreFlop,Vyferka,5.0,true,0,0,1,2.0,0,0,201.89,134359983405
Flop,LiftGrind,63.0,false,1,38.0,2,8.0,2,0,212.14,134360019072
Flop,uonlylive1ce,21.0,false,1,10.03,1,2.0,2,0,229.06,134360286736
PreFlop,matiko09,5.0,false,0,0,1,2.0,0,0,200.0,134360371400
River,matiko09,49.0,false,1,14.0,1,2.0,3,6,203.0,134360417377
River,uonlylive1ce,72.28,false,2,30.72,1,2.0,3,3,218.12,134360560472
Flop,Vyferka,15.0,false,1,8.0,1,2.0,1,1,200.0,134360657943
PreFlop,Vyferka,5.0,false,0,0,1,2.0,0,0,208.32,134360716520
Flop,ALLINBOJO,51.0,false,1,2.0,3,9.0,2,0,58.41,134360760291
River,ALLINBOJO,15.0,false,0,0,1,2.0,2,6,85.11,134360859153
River,LiftGrind,408.0,false,2,68.52,3,70.52,4,1,244.76,134360927754
River,uonlylive1ce,188.86,false,2,57.0,2,39.0,4,0,250.46,134361052424
River,matiko09,105.0,false,2,42.0,1,2.0,4,3,215.8,134361125408
River,uonlylive1ce,54.1,false,2,22.13,1,2.0,3,2,343.09,134361242122
River,uonlylive1ce,132.52,false,2,50.0,2,6.42,3,2,368.21,134361346354
PreFlop,Bars64888,4.0,false,0,0,1,2.0,0,0,200.0,134361480521
